﻿"PROD_EST","COBERTURA","ANIO","ID_MES","ID_ENTIDAD","VEH_ELECTR","VEH_HIBRIDAS_PLUGIN","VEH_HIBRIDAS"
"Registro Administrativo de la Industria Automotriz de Vehículos Ligeros. Venta de vehículos híbridos y eléctricos","Nacional",2021,"01","01",0,0,25
"Registro Administrativo de la Industria Automotriz de Vehículos Ligeros. Venta de vehículos híbridos y eléctricos","Nacional",2021,"01","02",0,1,53
"Registro Administrativo de la Industria Automotriz de Vehículos Ligeros. Venta de vehículos híbridos y eléctricos","Nacional",2021,"01","03",0,0,33
"Registro Administrativo de la Industria Automotriz de Vehículos Ligeros. Venta de vehículos híbridos y eléctricos","Nacional",2021,"01","04",0,0,6
"Registro Administrativo de la Industria Automotriz de Vehículos Ligeros. Venta de vehículos híbridos y eléctricos","Nacional",2021,"01","05",0,8,57
"Registro Administrativo de la Industria Automotriz de Vehículos Ligeros. Venta de vehículos híbridos y eléctricos","Nacional",2021,"01","06",0,0,14
"Registro Administrativo de la Industria Automotriz de Vehículos Ligeros. Venta de vehículos híbridos y eléctricos","Nacional",2021,"01","07",0,1,15
"Registro Administrativo de la Industria Automotriz de Vehículos Ligeros. Venta de vehículos híbridos y eléctricos","Nacional",2021,"01","08",0,2,48
"Registro Administrativo de la Industria Automotriz de Vehículos Ligeros. Venta de vehículos híbridos y eléctricos","Nacional",2021,"01","09",17,81,670
"Registro Administrativo de la Industria Automotriz de Vehículos Ligeros. Venta de vehículos híbridos y eléctricos","Nacional",2021,"01","10",1,0,10
"Registro Administrativo de la Industria Automotriz de Vehículos Ligeros. Venta de vehículos híbridos y eléctricos","Nacional",2021,"01","11",0,6,78
"Registro Administrativo de la Industria Automotriz de Vehículos Ligeros. Venta de vehículos híbridos y eléctricos","Nacional",2021,"01","12",0,0,12
"Registro Administrativo de la Industria Automotriz de Vehículos Ligeros. Venta de vehículos híbridos y eléctricos","Nacional",2021,"01","13",0,0,44
"Registro Administrativo de la Industria Automotriz de Vehículos Ligeros. Venta de vehículos híbridos y eléctricos","Nacional",2021,"01","14",1,15,210
"Registro Administrativo de la Industria Automotriz de Vehículos Ligeros. Venta de vehículos híbridos y eléctricos","Nacional",2021,"01","15",41,11,321
"Registro Administrativo de la Industria Automotriz de Vehículos Ligeros. Venta de vehículos híbridos y eléctricos","Nacional",2021,"01","16",0,2,89
"Registro Administrativo de la Industria Automotriz de Vehículos Ligeros. Venta de vehículos híbridos y eléctricos","Nacional",2021,"01","17",1,4,45
"Registro Administrativo de la Industria Automotriz de Vehículos Ligeros. Venta de vehículos híbridos y eléctricos","Nacional",2021,"01","18",0,0,3
"Registro Administrativo de la Industria Automotriz de Vehículos Ligeros. Venta de vehículos híbridos y eléctricos","Nacional",2021,"01","19",2,15,199
"Registro Administrativo de la Industria Automotriz de Vehículos Ligeros. Venta de vehículos híbridos y eléctricos","Nacional",2021,"01","20",0,1,16
"Registro Administrativo de la Industria Automotriz de Vehículos Ligeros. Venta de vehículos híbridos y eléctricos","Nacional",2021,"01","21",0,1,87
"Registro Administrativo de la Industria Automotriz de Vehículos Ligeros. Venta de vehículos híbridos y eléctricos","Nacional",2021,"01","22",0,5,73
"Registro Administrativo de la Industria Automotriz de Vehículos Ligeros. Venta de vehículos híbridos y eléctricos","Nacional",2021,"01","23",0,1,20
"Registro Administrativo de la Industria Automotriz de Vehículos Ligeros. Venta de vehículos híbridos y eléctricos","Nacional",2021,"01","24",0,4,34
"Registro Administrativo de la Industria Automotriz de Vehículos Ligeros. Venta de vehículos híbridos y eléctricos","Nacional",2021,"01","25",0,2,72
"Registro Administrativo de la Industria Automotriz de Vehículos Ligeros. Venta de vehículos híbridos y eléctricos","Nacional",2021,"01","26",0,0,27
"Registro Administrativo de la Industria Automotriz de Vehículos Ligeros. Venta de vehículos híbridos y eléctricos","Nacional",2021,"01","27",0,0,6
"Registro Administrativo de la Industria Automotriz de Vehículos Ligeros. Venta de vehículos híbridos y eléctricos","Nacional",2021,"01","28",0,0,45
"Registro Administrativo de la Industria Automotriz de Vehículos Ligeros. Venta de vehículos híbridos y eléctricos","Nacional",2021,"01","29",0,0,17
"Registro Administrativo de la Industria Automotriz de Vehículos Ligeros. Venta de vehículos híbridos y eléctricos","Nacional",2021,"01","30",1,3,76
"Registro Administrativo de la Industria Automotriz de Vehículos Ligeros. Venta de vehículos híbridos y eléctricos","Nacional",2021,"01","31",0,3,38
"Registro Administrativo de la Industria Automotriz de Vehículos Ligeros. Venta de vehículos híbridos y eléctricos","Nacional",2021,"01","32",0,0,13
"Registro Administrativo de la Industria Automotriz de Vehículos Ligeros. Venta de vehículos híbridos y eléctricos","Nacional",2021,"01","99",0,0,0
"Registro Administrativo de la Industria Automotriz de Vehículos Ligeros. Venta de vehículos híbridos y eléctricos","Nacional",2021,"02","01",0,0,39
"Registro Administrativo de la Industria Automotriz de Vehículos Ligeros. Venta de vehículos híbridos y eléctricos","Nacional",2021,"02","02",0,3,38
"Registro Administrativo de la Industria Automotriz de Vehículos Ligeros. Venta de vehículos híbridos y eléctricos","Nacional",2021,"02","03",0,0,30
"Registro Administrativo de la Industria Automotriz de Vehículos Ligeros. Venta de vehículos híbridos y eléctricos","Nacional",2021,"02","04",0,0,5
"Registro Administrativo de la Industria Automotriz de Vehículos Ligeros. Venta de vehículos híbridos y eléctricos","Nacional",2021,"02","05",0,5,74
"Registro Administrativo de la Industria Automotriz de Vehículos Ligeros. Venta de vehículos híbridos y eléctricos","Nacional",2021,"02","06",0,0,12
"Registro Administrativo de la Industria Automotriz de Vehículos Ligeros. Venta de vehículos híbridos y eléctricos","Nacional",2021,"02","07",0,0,16
"Registro Administrativo de la Industria Automotriz de Vehículos Ligeros. Venta de vehículos híbridos y eléctricos","Nacional",2021,"02","08",0,0,58
"Registro Administrativo de la Industria Automotriz de Vehículos Ligeros. Venta de vehículos híbridos y eléctricos","Nacional",2021,"02","09",12,67,732
"Registro Administrativo de la Industria Automotriz de Vehículos Ligeros. Venta de vehículos híbridos y eléctricos","Nacional",2021,"02","10",0,0,18
"Registro Administrativo de la Industria Automotriz de Vehículos Ligeros. Venta de vehículos híbridos y eléctricos","Nacional",2021,"02","11",2,11,116
"Registro Administrativo de la Industria Automotriz de Vehículos Ligeros. Venta de vehículos híbridos y eléctricos","Nacional",2021,"02","12",0,0,15
"Registro Administrativo de la Industria Automotriz de Vehículos Ligeros. Venta de vehículos híbridos y eléctricos","Nacional",2021,"02","13",0,0,41
"Registro Administrativo de la Industria Automotriz de Vehículos Ligeros. Venta de vehículos híbridos y eléctricos","Nacional",2021,"02","14",6,19,271
"Registro Administrativo de la Industria Automotriz de Vehículos Ligeros. Venta de vehículos híbridos y eléctricos","Nacional",2021,"02","15",1,12,378
"Registro Administrativo de la Industria Automotriz de Vehículos Ligeros. Venta de vehículos híbridos y eléctricos","Nacional",2021,"02","16",2,6,91
"Registro Administrativo de la Industria Automotriz de Vehículos Ligeros. Venta de vehículos híbridos y eléctricos","Nacional",2021,"02","17",1,4,51
"Registro Administrativo de la Industria Automotriz de Vehículos Ligeros. Venta de vehículos híbridos y eléctricos","Nacional",2021,"02","18",0,0,1
"Registro Administrativo de la Industria Automotriz de Vehículos Ligeros. Venta de vehículos híbridos y eléctricos","Nacional",2021,"02","19",3,8,280
"Registro Administrativo de la Industria Automotriz de Vehículos Ligeros. Venta de vehículos híbridos y eléctricos","Nacional",2021,"02","20",0,0,21
"Registro Administrativo de la Industria Automotriz de Vehículos Ligeros. Venta de vehículos híbridos y eléctricos","Nacional",2021,"02","21",2,3,120
"Registro Administrativo de la Industria Automotriz de Vehículos Ligeros. Venta de vehículos híbridos y eléctricos","Nacional",2021,"02","22",5,6,80
"Registro Administrativo de la Industria Automotriz de Vehículos Ligeros. Venta de vehículos híbridos y eléctricos","Nacional",2021,"02","23",0,1,22
"Registro Administrativo de la Industria Automotriz de Vehículos Ligeros. Venta de vehículos híbridos y eléctricos","Nacional",2021,"02","24",0,6,60
"Registro Administrativo de la Industria Automotriz de Vehículos Ligeros. Venta de vehículos híbridos y eléctricos","Nacional",2021,"02","25",2,7,87
"Registro Administrativo de la Industria Automotriz de Vehículos Ligeros. Venta de vehículos híbridos y eléctricos","Nacional",2021,"02","26",0,0,45
"Registro Administrativo de la Industria Automotriz de Vehículos Ligeros. Venta de vehículos híbridos y eléctricos","Nacional",2021,"02","27",0,2,19
"Registro Administrativo de la Industria Automotriz de Vehículos Ligeros. Venta de vehículos híbridos y eléctricos","Nacional",2021,"02","28",0,0,41
"Registro Administrativo de la Industria Automotriz de Vehículos Ligeros. Venta de vehículos híbridos y eléctricos","Nacional",2021,"02","29",0,0,20
"Registro Administrativo de la Industria Automotriz de Vehículos Ligeros. Venta de vehículos híbridos y eléctricos","Nacional",2021,"02","30",0,2,113
"Registro Administrativo de la Industria Automotriz de Vehículos Ligeros. Venta de vehículos híbridos y eléctricos","Nacional",2021,"02","31",0,2,32
"Registro Administrativo de la Industria Automotriz de Vehículos Ligeros. Venta de vehículos híbridos y eléctricos","Nacional",2021,"02","32",0,0,10
"Registro Administrativo de la Industria Automotriz de Vehículos Ligeros. Venta de vehículos híbridos y eléctricos","Nacional",2021,"02","99",0,0,0
"Registro Administrativo de la Industria Automotriz de Vehículos Ligeros. Venta de vehículos híbridos y eléctricos","Nacional",2021,"03","01",0,0,56
"Registro Administrativo de la Industria Automotriz de Vehículos Ligeros. Venta de vehículos híbridos y eléctricos","Nacional",2021,"03","02",0,1,95
"Registro Administrativo de la Industria Automotriz de Vehículos Ligeros. Venta de vehículos híbridos y eléctricos","Nacional",2021,"03","03",0,1,59
"Registro Administrativo de la Industria Automotriz de Vehículos Ligeros. Venta de vehículos híbridos y eléctricos","Nacional",2021,"03","04",0,0,10
"Registro Administrativo de la Industria Automotriz de Vehículos Ligeros. Venta de vehículos híbridos y eléctricos","Nacional",2021,"03","05",6,3,108
"Registro Administrativo de la Industria Automotriz de Vehículos Ligeros. Venta de vehículos híbridos y eléctricos","Nacional",2021,"03","06",0,0,30
"Registro Administrativo de la Industria Automotriz de Vehículos Ligeros. Venta de vehículos híbridos y eléctricos","Nacional",2021,"03","07",0,0,24
"Registro Administrativo de la Industria Automotriz de Vehículos Ligeros. Venta de vehículos híbridos y eléctricos","Nacional",2021,"03","08",0,2,87
"Registro Administrativo de la Industria Automotriz de Vehículos Ligeros. Venta de vehículos híbridos y eléctricos","Nacional",2021,"03","09",17,83,827
"Registro Administrativo de la Industria Automotriz de Vehículos Ligeros. Venta de vehículos híbridos y eléctricos","Nacional",2021,"03","10",0,0,30
"Registro Administrativo de la Industria Automotriz de Vehículos Ligeros. Venta de vehículos híbridos y eléctricos","Nacional",2021,"03","11",1,10,129
"Registro Administrativo de la Industria Automotriz de Vehículos Ligeros. Venta de vehículos híbridos y eléctricos","Nacional",2021,"03","12",0,0,15
"Registro Administrativo de la Industria Automotriz de Vehículos Ligeros. Venta de vehículos híbridos y eléctricos","Nacional",2021,"03","13",0,1,46
"Registro Administrativo de la Industria Automotriz de Vehículos Ligeros. Venta de vehículos híbridos y eléctricos","Nacional",2021,"03","14",6,22,347
"Registro Administrativo de la Industria Automotriz de Vehículos Ligeros. Venta de vehículos híbridos y eléctricos","Nacional",2021,"03","15",2,20,455
"Registro Administrativo de la Industria Automotriz de Vehículos Ligeros. Venta de vehículos híbridos y eléctricos","Nacional",2021,"03","16",0,6,108
"Registro Administrativo de la Industria Automotriz de Vehículos Ligeros. Venta de vehículos híbridos y eléctricos","Nacional",2021,"03","17",0,6,84
"Registro Administrativo de la Industria Automotriz de Vehículos Ligeros. Venta de vehículos híbridos y eléctricos","Nacional",2021,"03","18",0,0,8
"Registro Administrativo de la Industria Automotriz de Vehículos Ligeros. Venta de vehículos híbridos y eléctricos","Nacional",2021,"03","19",3,10,372
"Registro Administrativo de la Industria Automotriz de Vehículos Ligeros. Venta de vehículos híbridos y eléctricos","Nacional",2021,"03","20",0,1,30
"Registro Administrativo de la Industria Automotriz de Vehículos Ligeros. Venta de vehículos híbridos y eléctricos","Nacional",2021,"03","21",2,2,147
"Registro Administrativo de la Industria Automotriz de Vehículos Ligeros. Venta de vehículos híbridos y eléctricos","Nacional",2021,"03","22",1,7,80
"Registro Administrativo de la Industria Automotriz de Vehículos Ligeros. Venta de vehículos híbridos y eléctricos","Nacional",2021,"03","23",4,2,46
"Registro Administrativo de la Industria Automotriz de Vehículos Ligeros. Venta de vehículos híbridos y eléctricos","Nacional",2021,"03","24",0,3,53
"Registro Administrativo de la Industria Automotriz de Vehículos Ligeros. Venta de vehículos híbridos y eléctricos","Nacional",2021,"03","25",1,6,171
"Registro Administrativo de la Industria Automotriz de Vehículos Ligeros. Venta de vehículos híbridos y eléctricos","Nacional",2021,"03","26",0,0,89
"Registro Administrativo de la Industria Automotriz de Vehículos Ligeros. Venta de vehículos híbridos y eléctricos","Nacional",2021,"03","27",0,0,18
"Registro Administrativo de la Industria Automotriz de Vehículos Ligeros. Venta de vehículos híbridos y eléctricos","Nacional",2021,"03","28",0,0,68
"Registro Administrativo de la Industria Automotriz de Vehículos Ligeros. Venta de vehículos híbridos y eléctricos","Nacional",2021,"03","29",0,0,19
"Registro Administrativo de la Industria Automotriz de Vehículos Ligeros. Venta de vehículos híbridos y eléctricos","Nacional",2021,"03","30",0,8,117
"Registro Administrativo de la Industria Automotriz de Vehículos Ligeros. Venta de vehículos híbridos y eléctricos","Nacional",2021,"03","31",0,4,52
"Registro Administrativo de la Industria Automotriz de Vehículos Ligeros. Venta de vehículos híbridos y eléctricos","Nacional",2021,"03","32",0,0,18
"Registro Administrativo de la Industria Automotriz de Vehículos Ligeros. Venta de vehículos híbridos y eléctricos","Nacional",2021,"03","99",0,0,0
"Registro Administrativo de la Industria Automotriz de Vehículos Ligeros. Venta de vehículos híbridos y eléctricos","Nacional",2021,"04","01",1,1,44
"Registro Administrativo de la Industria Automotriz de Vehículos Ligeros. Venta de vehículos híbridos y eléctricos","Nacional",2021,"04","02",0,6,91
"Registro Administrativo de la Industria Automotriz de Vehículos Ligeros. Venta de vehículos híbridos y eléctricos","Nacional",2021,"04","03",0,0,59
"Registro Administrativo de la Industria Automotriz de Vehículos Ligeros. Venta de vehículos híbridos y eléctricos","Nacional",2021,"04","04",0,0,10
"Registro Administrativo de la Industria Automotriz de Vehículos Ligeros. Venta de vehículos híbridos y eléctricos","Nacional",2021,"04","05",1,5,119
"Registro Administrativo de la Industria Automotriz de Vehículos Ligeros. Venta de vehículos híbridos y eléctricos","Nacional",2021,"04","06",0,0,33
"Registro Administrativo de la Industria Automotriz de Vehículos Ligeros. Venta de vehículos híbridos y eléctricos","Nacional",2021,"04","07",0,0,28
"Registro Administrativo de la Industria Automotriz de Vehículos Ligeros. Venta de vehículos híbridos y eléctricos","Nacional",2021,"04","08",0,1,90
"Registro Administrativo de la Industria Automotriz de Vehículos Ligeros. Venta de vehículos híbridos y eléctricos","Nacional",2021,"04","09",10,97,999
"Registro Administrativo de la Industria Automotriz de Vehículos Ligeros. Venta de vehículos híbridos y eléctricos","Nacional",2021,"04","10",0,0,22
"Registro Administrativo de la Industria Automotriz de Vehículos Ligeros. Venta de vehículos híbridos y eléctricos","Nacional",2021,"04","11",1,4,164
"Registro Administrativo de la Industria Automotriz de Vehículos Ligeros. Venta de vehículos híbridos y eléctricos","Nacional",2021,"04","12",0,0,24
"Registro Administrativo de la Industria Automotriz de Vehículos Ligeros. Venta de vehículos híbridos y eléctricos","Nacional",2021,"04","13",0,0,61
"Registro Administrativo de la Industria Automotriz de Vehículos Ligeros. Venta de vehículos híbridos y eléctricos","Nacional",2021,"04","14",6,23,470
"Registro Administrativo de la Industria Automotriz de Vehículos Ligeros. Venta de vehículos híbridos y eléctricos","Nacional",2021,"04","15",27,16,536
"Registro Administrativo de la Industria Automotriz de Vehículos Ligeros. Venta de vehículos híbridos y eléctricos","Nacional",2021,"04","16",1,3,156
"Registro Administrativo de la Industria Automotriz de Vehículos Ligeros. Venta de vehículos híbridos y eléctricos","Nacional",2021,"04","17",0,3,89
"Registro Administrativo de la Industria Automotriz de Vehículos Ligeros. Venta de vehículos híbridos y eléctricos","Nacional",2021,"04","18",0,0,9
"Registro Administrativo de la Industria Automotriz de Vehículos Ligeros. Venta de vehículos híbridos y eléctricos","Nacional",2021,"04","19",11,17,355
"Registro Administrativo de la Industria Automotriz de Vehículos Ligeros. Venta de vehículos híbridos y eléctricos","Nacional",2021,"04","20",1,2,32
"Registro Administrativo de la Industria Automotriz de Vehículos Ligeros. Venta de vehículos híbridos y eléctricos","Nacional",2021,"04","21",2,3,148
"Registro Administrativo de la Industria Automotriz de Vehículos Ligeros. Venta de vehículos híbridos y eléctricos","Nacional",2021,"04","22",6,7,78
"Registro Administrativo de la Industria Automotriz de Vehículos Ligeros. Venta de vehículos híbridos y eléctricos","Nacional",2021,"04","23",3,4,38
"Registro Administrativo de la Industria Automotriz de Vehículos Ligeros. Venta de vehículos híbridos y eléctricos","Nacional",2021,"04","24",0,4,84
"Registro Administrativo de la Industria Automotriz de Vehículos Ligeros. Venta de vehículos híbridos y eléctricos","Nacional",2021,"04","25",0,5,167
"Registro Administrativo de la Industria Automotriz de Vehículos Ligeros. Venta de vehículos híbridos y eléctricos","Nacional",2021,"04","26",0,1,92
"Registro Administrativo de la Industria Automotriz de Vehículos Ligeros. Venta de vehículos híbridos y eléctricos","Nacional",2021,"04","27",0,0,18
"Registro Administrativo de la Industria Automotriz de Vehículos Ligeros. Venta de vehículos híbridos y eléctricos","Nacional",2021,"04","28",0,0,79
"Registro Administrativo de la Industria Automotriz de Vehículos Ligeros. Venta de vehículos híbridos y eléctricos","Nacional",2021,"04","29",0,0,17
"Registro Administrativo de la Industria Automotriz de Vehículos Ligeros. Venta de vehículos híbridos y eléctricos","Nacional",2021,"04","30",1,0,111
"Registro Administrativo de la Industria Automotriz de Vehículos Ligeros. Venta de vehículos híbridos y eléctricos","Nacional",2021,"04","31",0,2,44
"Registro Administrativo de la Industria Automotriz de Vehículos Ligeros. Venta de vehículos híbridos y eléctricos","Nacional",2021,"04","32",0,1,20
"Registro Administrativo de la Industria Automotriz de Vehículos Ligeros. Venta de vehículos híbridos y eléctricos","Nacional",2021,"04","99",0,0,0
"Registro Administrativo de la Industria Automotriz de Vehículos Ligeros. Venta de vehículos híbridos y eléctricos","Nacional",2021,"05","01",0,1,46
"Registro Administrativo de la Industria Automotriz de Vehículos Ligeros. Venta de vehículos híbridos y eléctricos","Nacional",2021,"05","02",1,4,88
"Registro Administrativo de la Industria Automotriz de Vehículos Ligeros. Venta de vehículos híbridos y eléctricos","Nacional",2021,"05","03",1,1,55
"Registro Administrativo de la Industria Automotriz de Vehículos Ligeros. Venta de vehículos híbridos y eléctricos","Nacional",2021,"05","04",0,0,10
"Registro Administrativo de la Industria Automotriz de Vehículos Ligeros. Venta de vehículos híbridos y eléctricos","Nacional",2021,"05","05",1,6,91
"Registro Administrativo de la Industria Automotriz de Vehículos Ligeros. Venta de vehículos híbridos y eléctricos","Nacional",2021,"05","06",0,0,24
"Registro Administrativo de la Industria Automotriz de Vehículos Ligeros. Venta de vehículos híbridos y eléctricos","Nacional",2021,"05","07",0,0,19
"Registro Administrativo de la Industria Automotriz de Vehículos Ligeros. Venta de vehículos híbridos y eléctricos","Nacional",2021,"05","08",3,2,84
"Registro Administrativo de la Industria Automotriz de Vehículos Ligeros. Venta de vehículos híbridos y eléctricos","Nacional",2021,"05","09",20,98,943
"Registro Administrativo de la Industria Automotriz de Vehículos Ligeros. Venta de vehículos híbridos y eléctricos","Nacional",2021,"05","10",0,0,22
"Registro Administrativo de la Industria Automotriz de Vehículos Ligeros. Venta de vehículos híbridos y eléctricos","Nacional",2021,"05","11",0,3,141
"Registro Administrativo de la Industria Automotriz de Vehículos Ligeros. Venta de vehículos híbridos y eléctricos","Nacional",2021,"05","12",0,0,12
"Registro Administrativo de la Industria Automotriz de Vehículos Ligeros. Venta de vehículos híbridos y eléctricos","Nacional",2021,"05","13",0,1,51
"Registro Administrativo de la Industria Automotriz de Vehículos Ligeros. Venta de vehículos híbridos y eléctricos","Nacional",2021,"05","14",7,30,431
"Registro Administrativo de la Industria Automotriz de Vehículos Ligeros. Venta de vehículos híbridos y eléctricos","Nacional",2021,"05","15",22,20,508
"Registro Administrativo de la Industria Automotriz de Vehículos Ligeros. Venta de vehículos híbridos y eléctricos","Nacional",2021,"05","16",2,5,269
"Registro Administrativo de la Industria Automotriz de Vehículos Ligeros. Venta de vehículos híbridos y eléctricos","Nacional",2021,"05","17",0,9,69
"Registro Administrativo de la Industria Automotriz de Vehículos Ligeros. Venta de vehículos híbridos y eléctricos","Nacional",2021,"05","18",0,0,4
"Registro Administrativo de la Industria Automotriz de Vehículos Ligeros. Venta de vehículos híbridos y eléctricos","Nacional",2021,"05","19",5,19,348
"Registro Administrativo de la Industria Automotriz de Vehículos Ligeros. Venta de vehículos híbridos y eléctricos","Nacional",2021,"05","20",0,0,39
"Registro Administrativo de la Industria Automotriz de Vehículos Ligeros. Venta de vehículos híbridos y eléctricos","Nacional",2021,"05","21",3,5,121
"Registro Administrativo de la Industria Automotriz de Vehículos Ligeros. Venta de vehículos híbridos y eléctricos","Nacional",2021,"05","22",1,8,80
"Registro Administrativo de la Industria Automotriz de Vehículos Ligeros. Venta de vehículos híbridos y eléctricos","Nacional",2021,"05","23",0,0,39
"Registro Administrativo de la Industria Automotriz de Vehículos Ligeros. Venta de vehículos híbridos y eléctricos","Nacional",2021,"05","24",0,2,59
"Registro Administrativo de la Industria Automotriz de Vehículos Ligeros. Venta de vehículos híbridos y eléctricos","Nacional",2021,"05","25",0,7,165
"Registro Administrativo de la Industria Automotriz de Vehículos Ligeros. Venta de vehículos híbridos y eléctricos","Nacional",2021,"05","26",0,1,83
"Registro Administrativo de la Industria Automotriz de Vehículos Ligeros. Venta de vehículos híbridos y eléctricos","Nacional",2021,"05","27",0,0,23
"Registro Administrativo de la Industria Automotriz de Vehículos Ligeros. Venta de vehículos híbridos y eléctricos","Nacional",2021,"05","28",0,0,68
"Registro Administrativo de la Industria Automotriz de Vehículos Ligeros. Venta de vehículos híbridos y eléctricos","Nacional",2021,"05","29",0,0,10
"Registro Administrativo de la Industria Automotriz de Vehículos Ligeros. Venta de vehículos híbridos y eléctricos","Nacional",2021,"05","30",3,1,127
"Registro Administrativo de la Industria Automotriz de Vehículos Ligeros. Venta de vehículos híbridos y eléctricos","Nacional",2021,"05","31",0,1,42
"Registro Administrativo de la Industria Automotriz de Vehículos Ligeros. Venta de vehículos híbridos y eléctricos","Nacional",2021,"05","32",0,0,11
"Registro Administrativo de la Industria Automotriz de Vehículos Ligeros. Venta de vehículos híbridos y eléctricos","Nacional",2021,"05","99",0,0,0
"Registro Administrativo de la Industria Automotriz de Vehículos Ligeros. Venta de vehículos híbridos y eléctricos","Nacional",2021,"06","01",0,0,56
"Registro Administrativo de la Industria Automotriz de Vehículos Ligeros. Venta de vehículos híbridos y eléctricos","Nacional",2021,"06","02",2,1,59
"Registro Administrativo de la Industria Automotriz de Vehículos Ligeros. Venta de vehículos híbridos y eléctricos","Nacional",2021,"06","03",0,0,46
"Registro Administrativo de la Industria Automotriz de Vehículos Ligeros. Venta de vehículos híbridos y eléctricos","Nacional",2021,"06","04",0,2,17
"Registro Administrativo de la Industria Automotriz de Vehículos Ligeros. Venta de vehículos híbridos y eléctricos","Nacional",2021,"06","05",0,5,109
"Registro Administrativo de la Industria Automotriz de Vehículos Ligeros. Venta de vehículos híbridos y eléctricos","Nacional",2021,"06","06",0,0,29
"Registro Administrativo de la Industria Automotriz de Vehículos Ligeros. Venta de vehículos híbridos y eléctricos","Nacional",2021,"06","07",0,0,29
"Registro Administrativo de la Industria Automotriz de Vehículos Ligeros. Venta de vehículos híbridos y eléctricos","Nacional",2021,"06","08",0,3,83
"Registro Administrativo de la Industria Automotriz de Vehículos Ligeros. Venta de vehículos híbridos y eléctricos","Nacional",2021,"06","09",26,79,904
"Registro Administrativo de la Industria Automotriz de Vehículos Ligeros. Venta de vehículos híbridos y eléctricos","Nacional",2021,"06","10",0,0,26
"Registro Administrativo de la Industria Automotriz de Vehículos Ligeros. Venta de vehículos híbridos y eléctricos","Nacional",2021,"06","11",2,4,150
"Registro Administrativo de la Industria Automotriz de Vehículos Ligeros. Venta de vehículos híbridos y eléctricos","Nacional",2021,"06","12",0,0,16
"Registro Administrativo de la Industria Automotriz de Vehículos Ligeros. Venta de vehículos híbridos y eléctricos","Nacional",2021,"06","13",0,3,54
"Registro Administrativo de la Industria Automotriz de Vehículos Ligeros. Venta de vehículos híbridos y eléctricos","Nacional",2021,"06","14",1,32,359
"Registro Administrativo de la Industria Automotriz de Vehículos Ligeros. Venta de vehículos híbridos y eléctricos","Nacional",2021,"06","15",17,14,554
"Registro Administrativo de la Industria Automotriz de Vehículos Ligeros. Venta de vehículos híbridos y eléctricos","Nacional",2021,"06","16",0,8,130
"Registro Administrativo de la Industria Automotriz de Vehículos Ligeros. Venta de vehículos híbridos y eléctricos","Nacional",2021,"06","17",0,3,95
"Registro Administrativo de la Industria Automotriz de Vehículos Ligeros. Venta de vehículos híbridos y eléctricos","Nacional",2021,"06","18",0,0,6
"Registro Administrativo de la Industria Automotriz de Vehículos Ligeros. Venta de vehículos híbridos y eléctricos","Nacional",2021,"06","19",5,20,449
"Registro Administrativo de la Industria Automotriz de Vehículos Ligeros. Venta de vehículos híbridos y eléctricos","Nacional",2021,"06","20",1,0,35
"Registro Administrativo de la Industria Automotriz de Vehículos Ligeros. Venta de vehículos híbridos y eléctricos","Nacional",2021,"06","21",2,5,160
"Registro Administrativo de la Industria Automotriz de Vehículos Ligeros. Venta de vehículos híbridos y eléctricos","Nacional",2021,"06","22",0,4,100
"Registro Administrativo de la Industria Automotriz de Vehículos Ligeros. Venta de vehículos híbridos y eléctricos","Nacional",2021,"06","23",0,0,32
"Registro Administrativo de la Industria Automotriz de Vehículos Ligeros. Venta de vehículos híbridos y eléctricos","Nacional",2021,"06","24",1,1,56
"Registro Administrativo de la Industria Automotriz de Vehículos Ligeros. Venta de vehículos híbridos y eléctricos","Nacional",2021,"06","25",0,4,152
"Registro Administrativo de la Industria Automotriz de Vehículos Ligeros. Venta de vehículos híbridos y eléctricos","Nacional",2021,"06","26",0,0,77
"Registro Administrativo de la Industria Automotriz de Vehículos Ligeros. Venta de vehículos híbridos y eléctricos","Nacional",2021,"06","27",0,0,13
"Registro Administrativo de la Industria Automotriz de Vehículos Ligeros. Venta de vehículos híbridos y eléctricos","Nacional",2021,"06","28",0,0,67
"Registro Administrativo de la Industria Automotriz de Vehículos Ligeros. Venta de vehículos híbridos y eléctricos","Nacional",2021,"06","29",0,0,25
"Registro Administrativo de la Industria Automotriz de Vehículos Ligeros. Venta de vehículos híbridos y eléctricos","Nacional",2021,"06","30",0,2,152
"Registro Administrativo de la Industria Automotriz de Vehículos Ligeros. Venta de vehículos híbridos y eléctricos","Nacional",2021,"06","31",1,7,38
"Registro Administrativo de la Industria Automotriz de Vehículos Ligeros. Venta de vehículos híbridos y eléctricos","Nacional",2021,"06","32",0,0,11
"Registro Administrativo de la Industria Automotriz de Vehículos Ligeros. Venta de vehículos híbridos y eléctricos","Nacional",2021,"06","99",0,0,0
"Registro Administrativo de la Industria Automotriz de Vehículos Ligeros. Venta de vehículos híbridos y eléctricos","Nacional",2021,"07","01",0,0,51
"Registro Administrativo de la Industria Automotriz de Vehículos Ligeros. Venta de vehículos híbridos y eléctricos","Nacional",2021,"07","02",0,8,87
"Registro Administrativo de la Industria Automotriz de Vehículos Ligeros. Venta de vehículos híbridos y eléctricos","Nacional",2021,"07","03",0,2,50
"Registro Administrativo de la Industria Automotriz de Vehículos Ligeros. Venta de vehículos híbridos y eléctricos","Nacional",2021,"07","04",0,0,17
"Registro Administrativo de la Industria Automotriz de Vehículos Ligeros. Venta de vehículos híbridos y eléctricos","Nacional",2021,"07","05",1,4,105
"Registro Administrativo de la Industria Automotriz de Vehículos Ligeros. Venta de vehículos híbridos y eléctricos","Nacional",2021,"07","06",0,0,28
"Registro Administrativo de la Industria Automotriz de Vehículos Ligeros. Venta de vehículos híbridos y eléctricos","Nacional",2021,"07","07",0,0,28
"Registro Administrativo de la Industria Automotriz de Vehículos Ligeros. Venta de vehículos híbridos y eléctricos","Nacional",2021,"07","08",0,1,68
"Registro Administrativo de la Industria Automotriz de Vehículos Ligeros. Venta de vehículos híbridos y eléctricos","Nacional",2021,"07","09",9,89,1012
"Registro Administrativo de la Industria Automotriz de Vehículos Ligeros. Venta de vehículos híbridos y eléctricos","Nacional",2021,"07","10",0,0,29
"Registro Administrativo de la Industria Automotriz de Vehículos Ligeros. Venta de vehículos híbridos y eléctricos","Nacional",2021,"07","11",0,9,157
"Registro Administrativo de la Industria Automotriz de Vehículos Ligeros. Venta de vehículos híbridos y eléctricos","Nacional",2021,"07","12",0,0,17
"Registro Administrativo de la Industria Automotriz de Vehículos Ligeros. Venta de vehículos híbridos y eléctricos","Nacional",2021,"07","13",0,4,49
"Registro Administrativo de la Industria Automotriz de Vehículos Ligeros. Venta de vehículos híbridos y eléctricos","Nacional",2021,"07","14",12,24,409
"Registro Administrativo de la Industria Automotriz de Vehículos Ligeros. Venta de vehículos híbridos y eléctricos","Nacional",2021,"07","15",15,14,563
"Registro Administrativo de la Industria Automotriz de Vehículos Ligeros. Venta de vehículos híbridos y eléctricos","Nacional",2021,"07","16",0,5,159
"Registro Administrativo de la Industria Automotriz de Vehículos Ligeros. Venta de vehículos híbridos y eléctricos","Nacional",2021,"07","17",0,8,84
"Registro Administrativo de la Industria Automotriz de Vehículos Ligeros. Venta de vehículos híbridos y eléctricos","Nacional",2021,"07","18",0,0,5
"Registro Administrativo de la Industria Automotriz de Vehículos Ligeros. Venta de vehículos híbridos y eléctricos","Nacional",2021,"07","19",4,26,447
"Registro Administrativo de la Industria Automotriz de Vehículos Ligeros. Venta de vehículos híbridos y eléctricos","Nacional",2021,"07","20",0,2,23
"Registro Administrativo de la Industria Automotriz de Vehículos Ligeros. Venta de vehículos híbridos y eléctricos","Nacional",2021,"07","21",1,10,146
"Registro Administrativo de la Industria Automotriz de Vehículos Ligeros. Venta de vehículos híbridos y eléctricos","Nacional",2021,"07","22",3,12,76
"Registro Administrativo de la Industria Automotriz de Vehículos Ligeros. Venta de vehículos híbridos y eléctricos","Nacional",2021,"07","23",1,1,40
"Registro Administrativo de la Industria Automotriz de Vehículos Ligeros. Venta de vehículos híbridos y eléctricos","Nacional",2021,"07","24",0,5,87
"Registro Administrativo de la Industria Automotriz de Vehículos Ligeros. Venta de vehículos híbridos y eléctricos","Nacional",2021,"07","25",0,5,133
"Registro Administrativo de la Industria Automotriz de Vehículos Ligeros. Venta de vehículos híbridos y eléctricos","Nacional",2021,"07","26",0,1,60
"Registro Administrativo de la Industria Automotriz de Vehículos Ligeros. Venta de vehículos híbridos y eléctricos","Nacional",2021,"07","27",0,0,16
"Registro Administrativo de la Industria Automotriz de Vehículos Ligeros. Venta de vehículos híbridos y eléctricos","Nacional",2021,"07","28",0,0,74
"Registro Administrativo de la Industria Automotriz de Vehículos Ligeros. Venta de vehículos híbridos y eléctricos","Nacional",2021,"07","29",1,0,16
"Registro Administrativo de la Industria Automotriz de Vehículos Ligeros. Venta de vehículos híbridos y eléctricos","Nacional",2021,"07","30",0,4,132
"Registro Administrativo de la Industria Automotriz de Vehículos Ligeros. Venta de vehículos híbridos y eléctricos","Nacional",2021,"07","31",0,3,46
"Registro Administrativo de la Industria Automotriz de Vehículos Ligeros. Venta de vehículos híbridos y eléctricos","Nacional",2021,"07","32",0,1,19
"Registro Administrativo de la Industria Automotriz de Vehículos Ligeros. Venta de vehículos híbridos y eléctricos","Nacional",2021,"07","99",0,0,1
"Registro Administrativo de la Industria Automotriz de Vehículos Ligeros. Venta de vehículos híbridos y eléctricos","Nacional",2021,"08","01",0,1,54
"Registro Administrativo de la Industria Automotriz de Vehículos Ligeros. Venta de vehículos híbridos y eléctricos","Nacional",2021,"08","02",1,5,86
"Registro Administrativo de la Industria Automotriz de Vehículos Ligeros. Venta de vehículos híbridos y eléctricos","Nacional",2021,"08","03",0,0,35
"Registro Administrativo de la Industria Automotriz de Vehículos Ligeros. Venta de vehículos híbridos y eléctricos","Nacional",2021,"08","04",0,0,11
"Registro Administrativo de la Industria Automotriz de Vehículos Ligeros. Venta de vehículos híbridos y eléctricos","Nacional",2021,"08","05",2,6,85
"Registro Administrativo de la Industria Automotriz de Vehículos Ligeros. Venta de vehículos híbridos y eléctricos","Nacional",2021,"08","06",0,0,30
"Registro Administrativo de la Industria Automotriz de Vehículos Ligeros. Venta de vehículos híbridos y eléctricos","Nacional",2021,"08","07",0,0,23
"Registro Administrativo de la Industria Automotriz de Vehículos Ligeros. Venta de vehículos híbridos y eléctricos","Nacional",2021,"08","08",0,1,89
"Registro Administrativo de la Industria Automotriz de Vehículos Ligeros. Venta de vehículos híbridos y eléctricos","Nacional",2021,"08","09",23,128,822
"Registro Administrativo de la Industria Automotriz de Vehículos Ligeros. Venta de vehículos híbridos y eléctricos","Nacional",2021,"08","10",0,0,25
"Registro Administrativo de la Industria Automotriz de Vehículos Ligeros. Venta de vehículos híbridos y eléctricos","Nacional",2021,"08","11",1,4,142
"Registro Administrativo de la Industria Automotriz de Vehículos Ligeros. Venta de vehículos híbridos y eléctricos","Nacional",2021,"08","12",0,0,21
"Registro Administrativo de la Industria Automotriz de Vehículos Ligeros. Venta de vehículos híbridos y eléctricos","Nacional",2021,"08","13",0,0,51
"Registro Administrativo de la Industria Automotriz de Vehículos Ligeros. Venta de vehículos híbridos y eléctricos","Nacional",2021,"08","14",5,23,321
"Registro Administrativo de la Industria Automotriz de Vehículos Ligeros. Venta de vehículos híbridos y eléctricos","Nacional",2021,"08","15",32,21,501
"Registro Administrativo de la Industria Automotriz de Vehículos Ligeros. Venta de vehículos híbridos y eléctricos","Nacional",2021,"08","16",0,5,100
"Registro Administrativo de la Industria Automotriz de Vehículos Ligeros. Venta de vehículos híbridos y eléctricos","Nacional",2021,"08","17",0,5,73
"Registro Administrativo de la Industria Automotriz de Vehículos Ligeros. Venta de vehículos híbridos y eléctricos","Nacional",2021,"08","18",0,0,3
"Registro Administrativo de la Industria Automotriz de Vehículos Ligeros. Venta de vehículos híbridos y eléctricos","Nacional",2021,"08","19",5,21,333
"Registro Administrativo de la Industria Automotriz de Vehículos Ligeros. Venta de vehículos híbridos y eléctricos","Nacional",2021,"08","20",0,1,23
"Registro Administrativo de la Industria Automotriz de Vehículos Ligeros. Venta de vehículos híbridos y eléctricos","Nacional",2021,"08","21",1,8,166
"Registro Administrativo de la Industria Automotriz de Vehículos Ligeros. Venta de vehículos híbridos y eléctricos","Nacional",2021,"08","22",0,9,67
"Registro Administrativo de la Industria Automotriz de Vehículos Ligeros. Venta de vehículos híbridos y eléctricos","Nacional",2021,"08","23",0,0,46
"Registro Administrativo de la Industria Automotriz de Vehículos Ligeros. Venta de vehículos híbridos y eléctricos","Nacional",2021,"08","24",2,2,59
"Registro Administrativo de la Industria Automotriz de Vehículos Ligeros. Venta de vehículos híbridos y eléctricos","Nacional",2021,"08","25",2,2,158
"Registro Administrativo de la Industria Automotriz de Vehículos Ligeros. Venta de vehículos híbridos y eléctricos","Nacional",2021,"08","26",0,4,67
"Registro Administrativo de la Industria Automotriz de Vehículos Ligeros. Venta de vehículos híbridos y eléctricos","Nacional",2021,"08","27",0,0,22
"Registro Administrativo de la Industria Automotriz de Vehículos Ligeros. Venta de vehículos híbridos y eléctricos","Nacional",2021,"08","28",0,1,47
"Registro Administrativo de la Industria Automotriz de Vehículos Ligeros. Venta de vehículos híbridos y eléctricos","Nacional",2021,"08","29",0,0,22
"Registro Administrativo de la Industria Automotriz de Vehículos Ligeros. Venta de vehículos híbridos y eléctricos","Nacional",2021,"08","30",0,2,118
"Registro Administrativo de la Industria Automotriz de Vehículos Ligeros. Venta de vehículos híbridos y eléctricos","Nacional",2021,"08","31",0,4,41
"Registro Administrativo de la Industria Automotriz de Vehículos Ligeros. Venta de vehículos híbridos y eléctricos","Nacional",2021,"08","32",0,1,10
"Registro Administrativo de la Industria Automotriz de Vehículos Ligeros. Venta de vehículos híbridos y eléctricos","Nacional",2021,"08","99",0,0,5
"Registro Administrativo de la Industria Automotriz de Vehículos Ligeros. Venta de vehículos híbridos y eléctricos","Nacional",2021,"09","01",0,3,56
"Registro Administrativo de la Industria Automotriz de Vehículos Ligeros. Venta de vehículos híbridos y eléctricos","Nacional",2021,"09","02",0,11,93
"Registro Administrativo de la Industria Automotriz de Vehículos Ligeros. Venta de vehículos híbridos y eléctricos","Nacional",2021,"09","03",1,0,35
"Registro Administrativo de la Industria Automotriz de Vehículos Ligeros. Venta de vehículos híbridos y eléctricos","Nacional",2021,"09","04",0,0,6
"Registro Administrativo de la Industria Automotriz de Vehículos Ligeros. Venta de vehículos híbridos y eléctricos","Nacional",2021,"09","05",1,15,84
"Registro Administrativo de la Industria Automotriz de Vehículos Ligeros. Venta de vehículos híbridos y eléctricos","Nacional",2021,"09","06",0,1,27
"Registro Administrativo de la Industria Automotriz de Vehículos Ligeros. Venta de vehículos híbridos y eléctricos","Nacional",2021,"09","07",0,0,25
"Registro Administrativo de la Industria Automotriz de Vehículos Ligeros. Venta de vehículos híbridos y eléctricos","Nacional",2021,"09","08",1,3,69
"Registro Administrativo de la Industria Automotriz de Vehículos Ligeros. Venta de vehículos híbridos y eléctricos","Nacional",2021,"09","09",11,110,732
"Registro Administrativo de la Industria Automotriz de Vehículos Ligeros. Venta de vehículos híbridos y eléctricos","Nacional",2021,"09","10",0,0,19
"Registro Administrativo de la Industria Automotriz de Vehículos Ligeros. Venta de vehículos híbridos y eléctricos","Nacional",2021,"09","11",0,5,139
"Registro Administrativo de la Industria Automotriz de Vehículos Ligeros. Venta de vehículos híbridos y eléctricos","Nacional",2021,"09","12",0,0,23
"Registro Administrativo de la Industria Automotriz de Vehículos Ligeros. Venta de vehículos híbridos y eléctricos","Nacional",2021,"09","13",0,1,50
"Registro Administrativo de la Industria Automotriz de Vehículos Ligeros. Venta de vehículos híbridos y eléctricos","Nacional",2021,"09","14",5,34,339
"Registro Administrativo de la Industria Automotriz de Vehículos Ligeros. Venta de vehículos híbridos y eléctricos","Nacional",2021,"09","15",9,33,533
"Registro Administrativo de la Industria Automotriz de Vehículos Ligeros. Venta de vehículos híbridos y eléctricos","Nacional",2021,"09","16",1,8,130
"Registro Administrativo de la Industria Automotriz de Vehículos Ligeros. Venta de vehículos híbridos y eléctricos","Nacional",2021,"09","17",0,8,84
"Registro Administrativo de la Industria Automotriz de Vehículos Ligeros. Venta de vehículos híbridos y eléctricos","Nacional",2021,"09","18",0,0,3
"Registro Administrativo de la Industria Automotriz de Vehículos Ligeros. Venta de vehículos híbridos y eléctricos","Nacional",2021,"09","19",6,28,490
"Registro Administrativo de la Industria Automotriz de Vehículos Ligeros. Venta de vehículos híbridos y eléctricos","Nacional",2021,"09","20",0,3,23
"Registro Administrativo de la Industria Automotriz de Vehículos Ligeros. Venta de vehículos híbridos y eléctricos","Nacional",2021,"09","21",1,3,153
"Registro Administrativo de la Industria Automotriz de Vehículos Ligeros. Venta de vehículos híbridos y eléctricos","Nacional",2021,"09","22",5,8,52
"Registro Administrativo de la Industria Automotriz de Vehículos Ligeros. Venta de vehículos híbridos y eléctricos","Nacional",2021,"09","23",0,2,41
"Registro Administrativo de la Industria Automotriz de Vehículos Ligeros. Venta de vehículos híbridos y eléctricos","Nacional",2021,"09","24",0,2,59
"Registro Administrativo de la Industria Automotriz de Vehículos Ligeros. Venta de vehículos híbridos y eléctricos","Nacional",2021,"09","25",0,9,131
"Registro Administrativo de la Industria Automotriz de Vehículos Ligeros. Venta de vehículos híbridos y eléctricos","Nacional",2021,"09","26",0,1,64
"Registro Administrativo de la Industria Automotriz de Vehículos Ligeros. Venta de vehículos híbridos y eléctricos","Nacional",2021,"09","27",0,0,15
"Registro Administrativo de la Industria Automotriz de Vehículos Ligeros. Venta de vehículos híbridos y eléctricos","Nacional",2021,"09","28",0,0,49
"Registro Administrativo de la Industria Automotriz de Vehículos Ligeros. Venta de vehículos híbridos y eléctricos","Nacional",2021,"09","29",0,0,16
"Registro Administrativo de la Industria Automotriz de Vehículos Ligeros. Venta de vehículos híbridos y eléctricos","Nacional",2021,"09","30",0,10,110
"Registro Administrativo de la Industria Automotriz de Vehículos Ligeros. Venta de vehículos híbridos y eléctricos","Nacional",2021,"09","31",0,4,40
"Registro Administrativo de la Industria Automotriz de Vehículos Ligeros. Venta de vehículos híbridos y eléctricos","Nacional",2021,"09","32",0,0,17
"Registro Administrativo de la Industria Automotriz de Vehículos Ligeros. Venta de vehículos híbridos y eléctricos","Nacional",2021,"09","99",0,0,0
"Registro Administrativo de la Industria Automotriz de Vehículos Ligeros. Venta de vehículos híbridos y eléctricos","Nacional",2021,"10","01",0,8,36
"Registro Administrativo de la Industria Automotriz de Vehículos Ligeros. Venta de vehículos híbridos y eléctricos","Nacional",2021,"10","02",0,18,57
"Registro Administrativo de la Industria Automotriz de Vehículos Ligeros. Venta de vehículos híbridos y eléctricos","Nacional",2021,"10","03",0,5,38
"Registro Administrativo de la Industria Automotriz de Vehículos Ligeros. Venta de vehículos híbridos y eléctricos","Nacional",2021,"10","04",0,0,18
"Registro Administrativo de la Industria Automotriz de Vehículos Ligeros. Venta de vehículos híbridos y eléctricos","Nacional",2021,"10","05",1,12,88
"Registro Administrativo de la Industria Automotriz de Vehículos Ligeros. Venta de vehículos híbridos y eléctricos","Nacional",2021,"10","06",0,0,17
"Registro Administrativo de la Industria Automotriz de Vehículos Ligeros. Venta de vehículos híbridos y eléctricos","Nacional",2021,"10","07",0,1,25
"Registro Administrativo de la Industria Automotriz de Vehículos Ligeros. Venta de vehículos híbridos y eléctricos","Nacional",2021,"10","08",1,16,51
"Registro Administrativo de la Industria Automotriz de Vehículos Ligeros. Venta de vehículos híbridos y eléctricos","Nacional",2021,"10","09",106,152,495
"Registro Administrativo de la Industria Automotriz de Vehículos Ligeros. Venta de vehículos híbridos y eléctricos","Nacional",2021,"10","10",0,0,16
"Registro Administrativo de la Industria Automotriz de Vehículos Ligeros. Venta de vehículos híbridos y eléctricos","Nacional",2021,"10","11",3,23,101
"Registro Administrativo de la Industria Automotriz de Vehículos Ligeros. Venta de vehículos híbridos y eléctricos","Nacional",2021,"10","12",0,0,7
"Registro Administrativo de la Industria Automotriz de Vehículos Ligeros. Venta de vehículos híbridos y eléctricos","Nacional",2021,"10","13",35,5,37
"Registro Administrativo de la Industria Automotriz de Vehículos Ligeros. Venta de vehículos híbridos y eléctricos","Nacional",2021,"10","14",16,65,246
"Registro Administrativo de la Industria Automotriz de Vehículos Ligeros. Venta de vehículos híbridos y eléctricos","Nacional",2021,"10","15",87,95,367
"Registro Administrativo de la Industria Automotriz de Vehículos Ligeros. Venta de vehículos híbridos y eléctricos","Nacional",2021,"10","16",1,21,81
"Registro Administrativo de la Industria Automotriz de Vehículos Ligeros. Venta de vehículos híbridos y eléctricos","Nacional",2021,"10","17",0,8,32
"Registro Administrativo de la Industria Automotriz de Vehículos Ligeros. Venta de vehículos híbridos y eléctricos","Nacional",2021,"10","18",0,0,6
"Registro Administrativo de la Industria Automotriz de Vehículos Ligeros. Venta de vehículos híbridos y eléctricos","Nacional",2021,"10","19",7,52,317
"Registro Administrativo de la Industria Automotriz de Vehículos Ligeros. Venta de vehículos híbridos y eléctricos","Nacional",2021,"10","20",1,1,27
"Registro Administrativo de la Industria Automotriz de Vehículos Ligeros. Venta de vehículos híbridos y eléctricos","Nacional",2021,"10","21",2,13,102
"Registro Administrativo de la Industria Automotriz de Vehículos Ligeros. Venta de vehículos híbridos y eléctricos","Nacional",2021,"10","22",1,16,47
"Registro Administrativo de la Industria Automotriz de Vehículos Ligeros. Venta de vehículos híbridos y eléctricos","Nacional",2021,"10","23",0,2,35
"Registro Administrativo de la Industria Automotriz de Vehículos Ligeros. Venta de vehículos híbridos y eléctricos","Nacional",2021,"10","24",0,10,37
"Registro Administrativo de la Industria Automotriz de Vehículos Ligeros. Venta de vehículos híbridos y eléctricos","Nacional",2021,"10","25",1,19,116
"Registro Administrativo de la Industria Automotriz de Vehículos Ligeros. Venta de vehículos híbridos y eléctricos","Nacional",2021,"10","26",0,1,57
"Registro Administrativo de la Industria Automotriz de Vehículos Ligeros. Venta de vehículos híbridos y eléctricos","Nacional",2021,"10","27",0,0,19
"Registro Administrativo de la Industria Automotriz de Vehículos Ligeros. Venta de vehículos híbridos y eléctricos","Nacional",2021,"10","28",1,1,39
"Registro Administrativo de la Industria Automotriz de Vehículos Ligeros. Venta de vehículos híbridos y eléctricos","Nacional",2021,"10","29",0,0,3
"Registro Administrativo de la Industria Automotriz de Vehículos Ligeros. Venta de vehículos híbridos y eléctricos","Nacional",2021,"10","30",0,10,75
"Registro Administrativo de la Industria Automotriz de Vehículos Ligeros. Venta de vehículos híbridos y eléctricos","Nacional",2021,"10","31",2,12,64
"Registro Administrativo de la Industria Automotriz de Vehículos Ligeros. Venta de vehículos híbridos y eléctricos","Nacional",2021,"10","32",0,1,10
"Registro Administrativo de la Industria Automotriz de Vehículos Ligeros. Venta de vehículos híbridos y eléctricos","Nacional",2021,"10","99",0,0,0
"Registro Administrativo de la Industria Automotriz de Vehículos Ligeros. Venta de vehículos híbridos y eléctricos","Nacional",2021,"11","01",1,2,54
"Registro Administrativo de la Industria Automotriz de Vehículos Ligeros. Venta de vehículos híbridos y eléctricos","Nacional",2021,"11","02",2,9,80
"Registro Administrativo de la Industria Automotriz de Vehículos Ligeros. Venta de vehículos híbridos y eléctricos","Nacional",2021,"11","03",0,3,32
"Registro Administrativo de la Industria Automotriz de Vehículos Ligeros. Venta de vehículos híbridos y eléctricos","Nacional",2021,"11","04",0,0,20
"Registro Administrativo de la Industria Automotriz de Vehículos Ligeros. Venta de vehículos híbridos y eléctricos","Nacional",2021,"11","05",1,14,120
"Registro Administrativo de la Industria Automotriz de Vehículos Ligeros. Venta de vehículos híbridos y eléctricos","Nacional",2021,"11","06",0,0,21
"Registro Administrativo de la Industria Automotriz de Vehículos Ligeros. Venta de vehículos híbridos y eléctricos","Nacional",2021,"11","07",0,2,21
"Registro Administrativo de la Industria Automotriz de Vehículos Ligeros. Venta de vehículos híbridos y eléctricos","Nacional",2021,"11","08",1,5,87
"Registro Administrativo de la Industria Automotriz de Vehículos Ligeros. Venta de vehículos híbridos y eléctricos","Nacional",2021,"11","09",23,154,597
"Registro Administrativo de la Industria Automotriz de Vehículos Ligeros. Venta de vehículos híbridos y eléctricos","Nacional",2021,"11","10",0,0,29
"Registro Administrativo de la Industria Automotriz de Vehículos Ligeros. Venta de vehículos híbridos y eléctricos","Nacional",2021,"11","11",3,23,117
"Registro Administrativo de la Industria Automotriz de Vehículos Ligeros. Venta de vehículos híbridos y eléctricos","Nacional",2021,"11","12",0,0,14
"Registro Administrativo de la Industria Automotriz de Vehículos Ligeros. Venta de vehículos híbridos y eléctricos","Nacional",2021,"11","13",1,6,30
"Registro Administrativo de la Industria Automotriz de Vehículos Ligeros. Venta de vehículos híbridos y eléctricos","Nacional",2021,"11","14",14,66,305
"Registro Administrativo de la Industria Automotriz de Vehículos Ligeros. Venta de vehículos híbridos y eléctricos","Nacional",2021,"11","15",3,58,412
"Registro Administrativo de la Industria Automotriz de Vehículos Ligeros. Venta de vehículos híbridos y eléctricos","Nacional",2021,"11","16",1,14,85
"Registro Administrativo de la Industria Automotriz de Vehículos Ligeros. Venta de vehículos híbridos y eléctricos","Nacional",2021,"11","17",1,16,55
"Registro Administrativo de la Industria Automotriz de Vehículos Ligeros. Venta de vehículos híbridos y eléctricos","Nacional",2021,"11","18",0,0,14
"Registro Administrativo de la Industria Automotriz de Vehículos Ligeros. Venta de vehículos híbridos y eléctricos","Nacional",2021,"11","19",6,41,379
"Registro Administrativo de la Industria Automotriz de Vehículos Ligeros. Venta de vehículos híbridos y eléctricos","Nacional",2021,"11","20",0,4,25
"Registro Administrativo de la Industria Automotriz de Vehículos Ligeros. Venta de vehículos híbridos y eléctricos","Nacional",2021,"11","21",4,16,109
"Registro Administrativo de la Industria Automotriz de Vehículos Ligeros. Venta de vehículos híbridos y eléctricos","Nacional",2021,"11","22",2,17,39
"Registro Administrativo de la Industria Automotriz de Vehículos Ligeros. Venta de vehículos híbridos y eléctricos","Nacional",2021,"11","23",1,2,43
"Registro Administrativo de la Industria Automotriz de Vehículos Ligeros. Venta de vehículos híbridos y eléctricos","Nacional",2021,"11","24",0,18,57
"Registro Administrativo de la Industria Automotriz de Vehículos Ligeros. Venta de vehículos híbridos y eléctricos","Nacional",2021,"11","25",1,14,170
"Registro Administrativo de la Industria Automotriz de Vehículos Ligeros. Venta de vehículos híbridos y eléctricos","Nacional",2021,"11","26",1,2,66
"Registro Administrativo de la Industria Automotriz de Vehículos Ligeros. Venta de vehículos híbridos y eléctricos","Nacional",2021,"11","27",0,0,17
"Registro Administrativo de la Industria Automotriz de Vehículos Ligeros. Venta de vehículos híbridos y eléctricos","Nacional",2021,"11","28",0,1,46
"Registro Administrativo de la Industria Automotriz de Vehículos Ligeros. Venta de vehículos híbridos y eléctricos","Nacional",2021,"11","29",0,0,11
"Registro Administrativo de la Industria Automotriz de Vehículos Ligeros. Venta de vehículos híbridos y eléctricos","Nacional",2021,"11","30",3,5,96
"Registro Administrativo de la Industria Automotriz de Vehículos Ligeros. Venta de vehículos híbridos y eléctricos","Nacional",2021,"11","31",1,6,52
"Registro Administrativo de la Industria Automotriz de Vehículos Ligeros. Venta de vehículos híbridos y eléctricos","Nacional",2021,"11","32",0,0,4
"Registro Administrativo de la Industria Automotriz de Vehículos Ligeros. Venta de vehículos híbridos y eléctricos","Nacional",2021,"11","99",0,0,0
"Registro Administrativo de la Industria Automotriz de Vehículos Ligeros. Venta de vehículos híbridos y eléctricos","Nacional",2021,"12","01",0,4,37
"Registro Administrativo de la Industria Automotriz de Vehículos Ligeros. Venta de vehículos híbridos y eléctricos","Nacional",2021,"12","02",2,19,92
"Registro Administrativo de la Industria Automotriz de Vehículos Ligeros. Venta de vehículos híbridos y eléctricos","Nacional",2021,"12","03",0,1,25
"Registro Administrativo de la Industria Automotriz de Vehículos Ligeros. Venta de vehículos híbridos y eléctricos","Nacional",2021,"12","04",0,0,12
"Registro Administrativo de la Industria Automotriz de Vehículos Ligeros. Venta de vehículos híbridos y eléctricos","Nacional",2021,"12","05",1,11,107
"Registro Administrativo de la Industria Automotriz de Vehículos Ligeros. Venta de vehículos híbridos y eléctricos","Nacional",2021,"12","06",0,0,23
"Registro Administrativo de la Industria Automotriz de Vehículos Ligeros. Venta de vehículos híbridos y eléctricos","Nacional",2021,"12","07",1,2,26
"Registro Administrativo de la Industria Automotriz de Vehículos Ligeros. Venta de vehículos híbridos y eléctricos","Nacional",2021,"12","08",1,8,80
"Registro Administrativo de la Industria Automotriz de Vehículos Ligeros. Venta de vehículos híbridos y eléctricos","Nacional",2021,"12","09",96,128,701
"Registro Administrativo de la Industria Automotriz de Vehículos Ligeros. Venta de vehículos híbridos y eléctricos","Nacional",2021,"12","10",0,0,18
"Registro Administrativo de la Industria Automotriz de Vehículos Ligeros. Venta de vehículos híbridos y eléctricos","Nacional",2021,"12","11",3,21,116
"Registro Administrativo de la Industria Automotriz de Vehículos Ligeros. Venta de vehículos híbridos y eléctricos","Nacional",2021,"12","12",0,0,18
"Registro Administrativo de la Industria Automotriz de Vehículos Ligeros. Venta de vehículos híbridos y eléctricos","Nacional",2021,"12","13",0,6,37
"Registro Administrativo de la Industria Automotriz de Vehículos Ligeros. Venta de vehículos híbridos y eléctricos","Nacional",2021,"12","14",36,58,237
"Registro Administrativo de la Industria Automotriz de Vehículos Ligeros. Venta de vehículos híbridos y eléctricos","Nacional",2021,"12","15",124,43,454
"Registro Administrativo de la Industria Automotriz de Vehículos Ligeros. Venta de vehículos híbridos y eléctricos","Nacional",2021,"12","16",2,14,86
"Registro Administrativo de la Industria Automotriz de Vehículos Ligeros. Venta de vehículos híbridos y eléctricos","Nacional",2021,"12","17",3,9,97
"Registro Administrativo de la Industria Automotriz de Vehículos Ligeros. Venta de vehículos híbridos y eléctricos","Nacional",2021,"12","18",0,0,2
"Registro Administrativo de la Industria Automotriz de Vehículos Ligeros. Venta de vehículos híbridos y eléctricos","Nacional",2021,"12","19",12,69,401
"Registro Administrativo de la Industria Automotriz de Vehículos Ligeros. Venta de vehículos híbridos y eléctricos","Nacional",2021,"12","20",0,1,21
"Registro Administrativo de la Industria Automotriz de Vehículos Ligeros. Venta de vehículos híbridos y eléctricos","Nacional",2021,"12","21",4,19,119
"Registro Administrativo de la Industria Automotriz de Vehículos Ligeros. Venta de vehículos híbridos y eléctricos","Nacional",2021,"12","22",7,17,53
"Registro Administrativo de la Industria Automotriz de Vehículos Ligeros. Venta de vehículos híbridos y eléctricos","Nacional",2021,"12","23",2,3,45
"Registro Administrativo de la Industria Automotriz de Vehículos Ligeros. Venta de vehículos híbridos y eléctricos","Nacional",2021,"12","24",2,10,45
"Registro Administrativo de la Industria Automotriz de Vehículos Ligeros. Venta de vehículos híbridos y eléctricos","Nacional",2021,"12","25",2,17,142
"Registro Administrativo de la Industria Automotriz de Vehículos Ligeros. Venta de vehículos híbridos y eléctricos","Nacional",2021,"12","26",1,7,71
"Registro Administrativo de la Industria Automotriz de Vehículos Ligeros. Venta de vehículos híbridos y eléctricos","Nacional",2021,"12","27",0,0,21
"Registro Administrativo de la Industria Automotriz de Vehículos Ligeros. Venta de vehículos híbridos y eléctricos","Nacional",2021,"12","28",0,1,39
"Registro Administrativo de la Industria Automotriz de Vehículos Ligeros. Venta de vehículos híbridos y eléctricos","Nacional",2021,"12","29",0,0,24
"Registro Administrativo de la Industria Automotriz de Vehículos Ligeros. Venta de vehículos híbridos y eléctricos","Nacional",2021,"12","30",3,5,110
"Registro Administrativo de la Industria Automotriz de Vehículos Ligeros. Venta de vehículos híbridos y eléctricos","Nacional",2021,"12","31",0,6,54
"Registro Administrativo de la Industria Automotriz de Vehículos Ligeros. Venta de vehículos híbridos y eléctricos","Nacional",2021,"12","32",0,0,16
"Registro Administrativo de la Industria Automotriz de Vehículos Ligeros. Venta de vehículos híbridos y eléctricos","Nacional",2021,"12","99",0,0,0
