﻿"PROD_EST","COBERTURA","ANIO","ID_MES","ID_ENTIDAD","VEH_ELECTR","VEH_HIBRIDAS_PLUGIN","VEH_HIBRIDAS"
"Registro Administrativo de la Industria Automotriz de Vehículos Ligeros. Venta de vehículos híbridos y eléctricos","Nacional",2020,"01","01",0,1,14
"Registro Administrativo de la Industria Automotriz de Vehículos Ligeros. Venta de vehículos híbridos y eléctricos","Nacional",2020,"01","02",0,1,47
"Registro Administrativo de la Industria Automotriz de Vehículos Ligeros. Venta de vehículos híbridos y eléctricos","Nacional",2020,"01","03",0,0,22
"Registro Administrativo de la Industria Automotriz de Vehículos Ligeros. Venta de vehículos híbridos y eléctricos","Nacional",2020,"01","04",0,0,7
"Registro Administrativo de la Industria Automotriz de Vehículos Ligeros. Venta de vehículos híbridos y eléctricos","Nacional",2020,"01","05",0,3,33
"Registro Administrativo de la Industria Automotriz de Vehículos Ligeros. Venta de vehículos híbridos y eléctricos","Nacional",2020,"01","06",0,0,8
"Registro Administrativo de la Industria Automotriz de Vehículos Ligeros. Venta de vehículos híbridos y eléctricos","Nacional",2020,"01","07",0,0,18
"Registro Administrativo de la Industria Automotriz de Vehículos Ligeros. Venta de vehículos híbridos y eléctricos","Nacional",2020,"01","08",0,0,47
"Registro Administrativo de la Industria Automotriz de Vehículos Ligeros. Venta de vehículos híbridos y eléctricos","Nacional",2020,"01","09",14,127,668
"Registro Administrativo de la Industria Automotriz de Vehículos Ligeros. Venta de vehículos híbridos y eléctricos","Nacional",2020,"01","10",0,0,12
"Registro Administrativo de la Industria Automotriz de Vehículos Ligeros. Venta de vehículos híbridos y eléctricos","Nacional",2020,"01","11",2,8,65
"Registro Administrativo de la Industria Automotriz de Vehículos Ligeros. Venta de vehículos híbridos y eléctricos","Nacional",2020,"01","12",0,0,7
"Registro Administrativo de la Industria Automotriz de Vehículos Ligeros. Venta de vehículos híbridos y eléctricos","Nacional",2020,"01","13",0,2,29
"Registro Administrativo de la Industria Automotriz de Vehículos Ligeros. Venta de vehículos híbridos y eléctricos","Nacional",2020,"01","14",1,19,191
"Registro Administrativo de la Industria Automotriz de Vehículos Ligeros. Venta de vehículos híbridos y eléctricos","Nacional",2020,"01","15",5,23,416
"Registro Administrativo de la Industria Automotriz de Vehículos Ligeros. Venta de vehículos híbridos y eléctricos","Nacional",2020,"01","16",0,3,51
"Registro Administrativo de la Industria Automotriz de Vehículos Ligeros. Venta de vehículos híbridos y eléctricos","Nacional",2020,"01","17",0,7,38
"Registro Administrativo de la Industria Automotriz de Vehículos Ligeros. Venta de vehículos híbridos y eléctricos","Nacional",2020,"01","18",0,0,3
"Registro Administrativo de la Industria Automotriz de Vehículos Ligeros. Venta de vehículos híbridos y eléctricos","Nacional",2020,"01","19",4,29,124
"Registro Administrativo de la Industria Automotriz de Vehículos Ligeros. Venta de vehículos híbridos y eléctricos","Nacional",2020,"01","20",0,0,69
"Registro Administrativo de la Industria Automotriz de Vehículos Ligeros. Venta de vehículos híbridos y eléctricos","Nacional",2020,"01","21",0,6,60
"Registro Administrativo de la Industria Automotriz de Vehículos Ligeros. Venta de vehículos híbridos y eléctricos","Nacional",2020,"01","22",1,10,58
"Registro Administrativo de la Industria Automotriz de Vehículos Ligeros. Venta de vehículos híbridos y eléctricos","Nacional",2020,"01","23",0,5,15
"Registro Administrativo de la Industria Automotriz de Vehículos Ligeros. Venta de vehículos híbridos y eléctricos","Nacional",2020,"01","24",0,0,29
"Registro Administrativo de la Industria Automotriz de Vehículos Ligeros. Venta de vehículos híbridos y eléctricos","Nacional",2020,"01","25",0,3,47
"Registro Administrativo de la Industria Automotriz de Vehículos Ligeros. Venta de vehículos híbridos y eléctricos","Nacional",2020,"01","26",0,1,34
"Registro Administrativo de la Industria Automotriz de Vehículos Ligeros. Venta de vehículos híbridos y eléctricos","Nacional",2020,"01","27",0,0,12
"Registro Administrativo de la Industria Automotriz de Vehículos Ligeros. Venta de vehículos híbridos y eléctricos","Nacional",2020,"01","28",0,0,15
"Registro Administrativo de la Industria Automotriz de Vehículos Ligeros. Venta de vehículos híbridos y eléctricos","Nacional",2020,"01","29",0,0,3
"Registro Administrativo de la Industria Automotriz de Vehículos Ligeros. Venta de vehículos híbridos y eléctricos","Nacional",2020,"01","30",0,2,48
"Registro Administrativo de la Industria Automotriz de Vehículos Ligeros. Venta de vehículos híbridos y eléctricos","Nacional",2020,"01","31",0,5,29
"Registro Administrativo de la Industria Automotriz de Vehículos Ligeros. Venta de vehículos híbridos y eléctricos","Nacional",2020,"01","32",0,0,8
"Registro Administrativo de la Industria Automotriz de Vehículos Ligeros. Venta de vehículos híbridos y eléctricos","Nacional",2020,"01","99",0,0,0
"Registro Administrativo de la Industria Automotriz de Vehículos Ligeros. Venta de vehículos híbridos y eléctricos","Nacional",2020,"02","01",0,2,17
"Registro Administrativo de la Industria Automotriz de Vehículos Ligeros. Venta de vehículos híbridos y eléctricos","Nacional",2020,"02","02",0,0,37
"Registro Administrativo de la Industria Automotriz de Vehículos Ligeros. Venta de vehículos híbridos y eléctricos","Nacional",2020,"02","03",0,0,20
"Registro Administrativo de la Industria Automotriz de Vehículos Ligeros. Venta de vehículos híbridos y eléctricos","Nacional",2020,"02","04",0,0,0
"Registro Administrativo de la Industria Automotriz de Vehículos Ligeros. Venta de vehículos híbridos y eléctricos","Nacional",2020,"02","05",0,7,46
"Registro Administrativo de la Industria Automotriz de Vehículos Ligeros. Venta de vehículos híbridos y eléctricos","Nacional",2020,"02","06",0,0,13
"Registro Administrativo de la Industria Automotriz de Vehículos Ligeros. Venta de vehículos híbridos y eléctricos","Nacional",2020,"02","07",0,0,18
"Registro Administrativo de la Industria Automotriz de Vehículos Ligeros. Venta de vehículos híbridos y eléctricos","Nacional",2020,"02","08",2,0,34
"Registro Administrativo de la Industria Automotriz de Vehículos Ligeros. Venta de vehículos híbridos y eléctricos","Nacional",2020,"02","09",22,155,687
"Registro Administrativo de la Industria Automotriz de Vehículos Ligeros. Venta de vehículos híbridos y eléctricos","Nacional",2020,"02","10",0,0,6
"Registro Administrativo de la Industria Automotriz de Vehículos Ligeros. Venta de vehículos híbridos y eléctricos","Nacional",2020,"02","11",4,8,52
"Registro Administrativo de la Industria Automotriz de Vehículos Ligeros. Venta de vehículos híbridos y eléctricos","Nacional",2020,"02","12",0,0,4
"Registro Administrativo de la Industria Automotriz de Vehículos Ligeros. Venta de vehículos híbridos y eléctricos","Nacional",2020,"02","13",0,4,27
"Registro Administrativo de la Industria Automotriz de Vehículos Ligeros. Venta de vehículos híbridos y eléctricos","Nacional",2020,"02","14",5,14,181
"Registro Administrativo de la Industria Automotriz de Vehículos Ligeros. Venta de vehículos híbridos y eléctricos","Nacional",2020,"02","15",6,31,336
"Registro Administrativo de la Industria Automotriz de Vehículos Ligeros. Venta de vehículos híbridos y eléctricos","Nacional",2020,"02","16",1,5,56
"Registro Administrativo de la Industria Automotriz de Vehículos Ligeros. Venta de vehículos híbridos y eléctricos","Nacional",2020,"02","17",0,5,18
"Registro Administrativo de la Industria Automotriz de Vehículos Ligeros. Venta de vehículos híbridos y eléctricos","Nacional",2020,"02","18",0,0,4
"Registro Administrativo de la Industria Automotriz de Vehículos Ligeros. Venta de vehículos híbridos y eléctricos","Nacional",2020,"02","19",11,28,124
"Registro Administrativo de la Industria Automotriz de Vehículos Ligeros. Venta de vehículos híbridos y eléctricos","Nacional",2020,"02","20",0,0,47
"Registro Administrativo de la Industria Automotriz de Vehículos Ligeros. Venta de vehículos híbridos y eléctricos","Nacional",2020,"02","21",1,3,68
"Registro Administrativo de la Industria Automotriz de Vehículos Ligeros. Venta de vehículos híbridos y eléctricos","Nacional",2020,"02","22",0,17,34
"Registro Administrativo de la Industria Automotriz de Vehículos Ligeros. Venta de vehículos híbridos y eléctricos","Nacional",2020,"02","23",0,0,11
"Registro Administrativo de la Industria Automotriz de Vehículos Ligeros. Venta de vehículos híbridos y eléctricos","Nacional",2020,"02","24",0,2,26
"Registro Administrativo de la Industria Automotriz de Vehículos Ligeros. Venta de vehículos híbridos y eléctricos","Nacional",2020,"02","25",0,3,57
"Registro Administrativo de la Industria Automotriz de Vehículos Ligeros. Venta de vehículos híbridos y eléctricos","Nacional",2020,"02","26",0,2,26
"Registro Administrativo de la Industria Automotriz de Vehículos Ligeros. Venta de vehículos híbridos y eléctricos","Nacional",2020,"02","27",0,1,14
"Registro Administrativo de la Industria Automotriz de Vehículos Ligeros. Venta de vehículos híbridos y eléctricos","Nacional",2020,"02","28",0,0,24
"Registro Administrativo de la Industria Automotriz de Vehículos Ligeros. Venta de vehículos híbridos y eléctricos","Nacional",2020,"02","29",0,0,8
"Registro Administrativo de la Industria Automotriz de Vehículos Ligeros. Venta de vehículos híbridos y eléctricos","Nacional",2020,"02","30",0,0,31
"Registro Administrativo de la Industria Automotriz de Vehículos Ligeros. Venta de vehículos híbridos y eléctricos","Nacional",2020,"02","31",1,1,20
"Registro Administrativo de la Industria Automotriz de Vehículos Ligeros. Venta de vehículos híbridos y eléctricos","Nacional",2020,"02","32",0,1,6
"Registro Administrativo de la Industria Automotriz de Vehículos Ligeros. Venta de vehículos híbridos y eléctricos","Nacional",2020,"02","99",0,0,0
"Registro Administrativo de la Industria Automotriz de Vehículos Ligeros. Venta de vehículos híbridos y eléctricos","Nacional",2020,"03","01",0,0,21
"Registro Administrativo de la Industria Automotriz de Vehículos Ligeros. Venta de vehículos híbridos y eléctricos","Nacional",2020,"03","02",0,1,36
"Registro Administrativo de la Industria Automotriz de Vehículos Ligeros. Venta de vehículos híbridos y eléctricos","Nacional",2020,"03","03",0,0,17
"Registro Administrativo de la Industria Automotriz de Vehículos Ligeros. Venta de vehículos híbridos y eléctricos","Nacional",2020,"03","04",0,1,2
"Registro Administrativo de la Industria Automotriz de Vehículos Ligeros. Venta de vehículos híbridos y eléctricos","Nacional",2020,"03","05",0,0,38
"Registro Administrativo de la Industria Automotriz de Vehículos Ligeros. Venta de vehículos híbridos y eléctricos","Nacional",2020,"03","06",0,1,11
"Registro Administrativo de la Industria Automotriz de Vehículos Ligeros. Venta de vehículos híbridos y eléctricos","Nacional",2020,"03","07",0,0,12
"Registro Administrativo de la Industria Automotriz de Vehículos Ligeros. Venta de vehículos híbridos y eléctricos","Nacional",2020,"03","08",0,0,27
"Registro Administrativo de la Industria Automotriz de Vehículos Ligeros. Venta de vehículos híbridos y eléctricos","Nacional",2020,"03","09",6,59,720
"Registro Administrativo de la Industria Automotriz de Vehículos Ligeros. Venta de vehículos híbridos y eléctricos","Nacional",2020,"03","10",0,0,8
"Registro Administrativo de la Industria Automotriz de Vehículos Ligeros. Venta de vehículos híbridos y eléctricos","Nacional",2020,"03","11",1,0,54
"Registro Administrativo de la Industria Automotriz de Vehículos Ligeros. Venta de vehículos híbridos y eléctricos","Nacional",2020,"03","12",0,0,2
"Registro Administrativo de la Industria Automotriz de Vehículos Ligeros. Venta de vehículos híbridos y eléctricos","Nacional",2020,"03","13",0,1,27
"Registro Administrativo de la Industria Automotriz de Vehículos Ligeros. Venta de vehículos híbridos y eléctricos","Nacional",2020,"03","14",4,23,234
"Registro Administrativo de la Industria Automotriz de Vehículos Ligeros. Venta de vehículos híbridos y eléctricos","Nacional",2020,"03","15",6,28,389
"Registro Administrativo de la Industria Automotriz de Vehículos Ligeros. Venta de vehículos híbridos y eléctricos","Nacional",2020,"03","16",0,2,104
"Registro Administrativo de la Industria Automotriz de Vehículos Ligeros. Venta de vehículos híbridos y eléctricos","Nacional",2020,"03","17",0,10,40
"Registro Administrativo de la Industria Automotriz de Vehículos Ligeros. Venta de vehículos híbridos y eléctricos","Nacional",2020,"03","18",0,0,3
"Registro Administrativo de la Industria Automotriz de Vehículos Ligeros. Venta de vehículos híbridos y eléctricos","Nacional",2020,"03","19",2,21,148
"Registro Administrativo de la Industria Automotriz de Vehículos Ligeros. Venta de vehículos híbridos y eléctricos","Nacional",2020,"03","20",0,1,10
"Registro Administrativo de la Industria Automotriz de Vehículos Ligeros. Venta de vehículos híbridos y eléctricos","Nacional",2020,"03","21",0,6,51
"Registro Administrativo de la Industria Automotriz de Vehículos Ligeros. Venta de vehículos híbridos y eléctricos","Nacional",2020,"03","22",0,8,35
"Registro Administrativo de la Industria Automotriz de Vehículos Ligeros. Venta de vehículos híbridos y eléctricos","Nacional",2020,"03","23",1,0,12
"Registro Administrativo de la Industria Automotriz de Vehículos Ligeros. Venta de vehículos híbridos y eléctricos","Nacional",2020,"03","24",0,2,19
"Registro Administrativo de la Industria Automotriz de Vehículos Ligeros. Venta de vehículos híbridos y eléctricos","Nacional",2020,"03","25",0,2,54
"Registro Administrativo de la Industria Automotriz de Vehículos Ligeros. Venta de vehículos híbridos y eléctricos","Nacional",2020,"03","26",0,2,26
"Registro Administrativo de la Industria Automotriz de Vehículos Ligeros. Venta de vehículos híbridos y eléctricos","Nacional",2020,"03","27",0,0,9
"Registro Administrativo de la Industria Automotriz de Vehículos Ligeros. Venta de vehículos híbridos y eléctricos","Nacional",2020,"03","28",0,0,18
"Registro Administrativo de la Industria Automotriz de Vehículos Ligeros. Venta de vehículos híbridos y eléctricos","Nacional",2020,"03","29",0,0,6
"Registro Administrativo de la Industria Automotriz de Vehículos Ligeros. Venta de vehículos híbridos y eléctricos","Nacional",2020,"03","30",0,0,32
"Registro Administrativo de la Industria Automotriz de Vehículos Ligeros. Venta de vehículos híbridos y eléctricos","Nacional",2020,"03","31",0,2,26
"Registro Administrativo de la Industria Automotriz de Vehículos Ligeros. Venta de vehículos híbridos y eléctricos","Nacional",2020,"03","32",0,0,7
"Registro Administrativo de la Industria Automotriz de Vehículos Ligeros. Venta de vehículos híbridos y eléctricos","Nacional",2020,"03","99",0,0,0
"Registro Administrativo de la Industria Automotriz de Vehículos Ligeros. Venta de vehículos híbridos y eléctricos","Nacional",2020,"04","01",0,0,10
"Registro Administrativo de la Industria Automotriz de Vehículos Ligeros. Venta de vehículos híbridos y eléctricos","Nacional",2020,"04","02",0,2,12
"Registro Administrativo de la Industria Automotriz de Vehículos Ligeros. Venta de vehículos híbridos y eléctricos","Nacional",2020,"04","03",0,0,13
"Registro Administrativo de la Industria Automotriz de Vehículos Ligeros. Venta de vehículos híbridos y eléctricos","Nacional",2020,"04","04",0,0,1
"Registro Administrativo de la Industria Automotriz de Vehículos Ligeros. Venta de vehículos híbridos y eléctricos","Nacional",2020,"04","05",0,5,18
"Registro Administrativo de la Industria Automotriz de Vehículos Ligeros. Venta de vehículos híbridos y eléctricos","Nacional",2020,"04","06",0,0,7
"Registro Administrativo de la Industria Automotriz de Vehículos Ligeros. Venta de vehículos híbridos y eléctricos","Nacional",2020,"04","07",0,0,6
"Registro Administrativo de la Industria Automotriz de Vehículos Ligeros. Venta de vehículos híbridos y eléctricos","Nacional",2020,"04","08",0,0,12
"Registro Administrativo de la Industria Automotriz de Vehículos Ligeros. Venta de vehículos híbridos y eléctricos","Nacional",2020,"04","09",12,62,311
"Registro Administrativo de la Industria Automotriz de Vehículos Ligeros. Venta de vehículos híbridos y eléctricos","Nacional",2020,"04","10",0,0,1
"Registro Administrativo de la Industria Automotriz de Vehículos Ligeros. Venta de vehículos híbridos y eléctricos","Nacional",2020,"04","11",0,2,24
"Registro Administrativo de la Industria Automotriz de Vehículos Ligeros. Venta de vehículos híbridos y eléctricos","Nacional",2020,"04","12",0,0,7
"Registro Administrativo de la Industria Automotriz de Vehículos Ligeros. Venta de vehículos híbridos y eléctricos","Nacional",2020,"04","13",1,0,5
"Registro Administrativo de la Industria Automotriz de Vehículos Ligeros. Venta de vehículos híbridos y eléctricos","Nacional",2020,"04","14",2,10,142
"Registro Administrativo de la Industria Automotriz de Vehículos Ligeros. Venta de vehículos híbridos y eléctricos","Nacional",2020,"04","15",3,6,150
"Registro Administrativo de la Industria Automotriz de Vehículos Ligeros. Venta de vehículos híbridos y eléctricos","Nacional",2020,"04","16",0,1,27
"Registro Administrativo de la Industria Automotriz de Vehículos Ligeros. Venta de vehículos híbridos y eléctricos","Nacional",2020,"04","17",0,1,15
"Registro Administrativo de la Industria Automotriz de Vehículos Ligeros. Venta de vehículos híbridos y eléctricos","Nacional",2020,"04","18",0,0,1
"Registro Administrativo de la Industria Automotriz de Vehículos Ligeros. Venta de vehículos híbridos y eléctricos","Nacional",2020,"04","19",1,5,70
"Registro Administrativo de la Industria Automotriz de Vehículos Ligeros. Venta de vehículos híbridos y eléctricos","Nacional",2020,"04","20",0,0,30
"Registro Administrativo de la Industria Automotriz de Vehículos Ligeros. Venta de vehículos híbridos y eléctricos","Nacional",2020,"04","21",0,1,22
"Registro Administrativo de la Industria Automotriz de Vehículos Ligeros. Venta de vehículos híbridos y eléctricos","Nacional",2020,"04","22",0,3,24
"Registro Administrativo de la Industria Automotriz de Vehículos Ligeros. Venta de vehículos híbridos y eléctricos","Nacional",2020,"04","23",0,0,2
"Registro Administrativo de la Industria Automotriz de Vehículos Ligeros. Venta de vehículos híbridos y eléctricos","Nacional",2020,"04","24",0,2,5
"Registro Administrativo de la Industria Automotriz de Vehículos Ligeros. Venta de vehículos híbridos y eléctricos","Nacional",2020,"04","25",0,0,19
"Registro Administrativo de la Industria Automotriz de Vehículos Ligeros. Venta de vehículos híbridos y eléctricos","Nacional",2020,"04","26",0,0,5
"Registro Administrativo de la Industria Automotriz de Vehículos Ligeros. Venta de vehículos híbridos y eléctricos","Nacional",2020,"04","27",0,0,7
"Registro Administrativo de la Industria Automotriz de Vehículos Ligeros. Venta de vehículos híbridos y eléctricos","Nacional",2020,"04","28",0,0,6
"Registro Administrativo de la Industria Automotriz de Vehículos Ligeros. Venta de vehículos híbridos y eléctricos","Nacional",2020,"04","29",0,0,3
"Registro Administrativo de la Industria Automotriz de Vehículos Ligeros. Venta de vehículos híbridos y eléctricos","Nacional",2020,"04","30",0,1,15
"Registro Administrativo de la Industria Automotriz de Vehículos Ligeros. Venta de vehículos híbridos y eléctricos","Nacional",2020,"04","31",0,3,10
"Registro Administrativo de la Industria Automotriz de Vehículos Ligeros. Venta de vehículos híbridos y eléctricos","Nacional",2020,"04","32",0,0,2
"Registro Administrativo de la Industria Automotriz de Vehículos Ligeros. Venta de vehículos híbridos y eléctricos","Nacional",2020,"04","99",0,0,0
"Registro Administrativo de la Industria Automotriz de Vehículos Ligeros. Venta de vehículos híbridos y eléctricos","Nacional",2020,"05","01",0,1,8
"Registro Administrativo de la Industria Automotriz de Vehículos Ligeros. Venta de vehículos híbridos y eléctricos","Nacional",2020,"05","02",0,0,11
"Registro Administrativo de la Industria Automotriz de Vehículos Ligeros. Venta de vehículos híbridos y eléctricos","Nacional",2020,"05","03",0,0,11
"Registro Administrativo de la Industria Automotriz de Vehículos Ligeros. Venta de vehículos híbridos y eléctricos","Nacional",2020,"05","04",0,0,1
"Registro Administrativo de la Industria Automotriz de Vehículos Ligeros. Venta de vehículos híbridos y eléctricos","Nacional",2020,"05","05",1,4,19
"Registro Administrativo de la Industria Automotriz de Vehículos Ligeros. Venta de vehículos híbridos y eléctricos","Nacional",2020,"05","06",0,0,5
"Registro Administrativo de la Industria Automotriz de Vehículos Ligeros. Venta de vehículos híbridos y eléctricos","Nacional",2020,"05","07",0,0,5
"Registro Administrativo de la Industria Automotriz de Vehículos Ligeros. Venta de vehículos híbridos y eléctricos","Nacional",2020,"05","08",0,0,15
"Registro Administrativo de la Industria Automotriz de Vehículos Ligeros. Venta de vehículos híbridos y eléctricos","Nacional",2020,"05","09",2,32,364
"Registro Administrativo de la Industria Automotriz de Vehículos Ligeros. Venta de vehículos híbridos y eléctricos","Nacional",2020,"05","10",0,0,6
"Registro Administrativo de la Industria Automotriz de Vehículos Ligeros. Venta de vehículos híbridos y eléctricos","Nacional",2020,"05","11",1,5,26
"Registro Administrativo de la Industria Automotriz de Vehículos Ligeros. Venta de vehículos híbridos y eléctricos","Nacional",2020,"05","12",0,0,1
"Registro Administrativo de la Industria Automotriz de Vehículos Ligeros. Venta de vehículos híbridos y eléctricos","Nacional",2020,"05","13",0,0,7
"Registro Administrativo de la Industria Automotriz de Vehículos Ligeros. Venta de vehículos híbridos y eléctricos","Nacional",2020,"05","14",4,6,87
"Registro Administrativo de la Industria Automotriz de Vehículos Ligeros. Venta de vehículos híbridos y eléctricos","Nacional",2020,"05","15",0,7,143
"Registro Administrativo de la Industria Automotriz de Vehículos Ligeros. Venta de vehículos híbridos y eléctricos","Nacional",2020,"05","16",0,2,43
"Registro Administrativo de la Industria Automotriz de Vehículos Ligeros. Venta de vehículos híbridos y eléctricos","Nacional",2020,"05","17",0,1,28
"Registro Administrativo de la Industria Automotriz de Vehículos Ligeros. Venta de vehículos híbridos y eléctricos","Nacional",2020,"05","18",0,1,2
"Registro Administrativo de la Industria Automotriz de Vehículos Ligeros. Venta de vehículos híbridos y eléctricos","Nacional",2020,"05","19",1,4,106
"Registro Administrativo de la Industria Automotriz de Vehículos Ligeros. Venta de vehículos híbridos y eléctricos","Nacional",2020,"05","20",0,0,34
"Registro Administrativo de la Industria Automotriz de Vehículos Ligeros. Venta de vehículos híbridos y eléctricos","Nacional",2020,"05","21",0,1,43
"Registro Administrativo de la Industria Automotriz de Vehículos Ligeros. Venta de vehículos híbridos y eléctricos","Nacional",2020,"05","22",1,2,10
"Registro Administrativo de la Industria Automotriz de Vehículos Ligeros. Venta de vehículos híbridos y eléctricos","Nacional",2020,"05","23",0,1,7
"Registro Administrativo de la Industria Automotriz de Vehículos Ligeros. Venta de vehículos híbridos y eléctricos","Nacional",2020,"05","24",0,0,8
"Registro Administrativo de la Industria Automotriz de Vehículos Ligeros. Venta de vehículos híbridos y eléctricos","Nacional",2020,"05","25",0,1,36
"Registro Administrativo de la Industria Automotriz de Vehículos Ligeros. Venta de vehículos híbridos y eléctricos","Nacional",2020,"05","26",0,0,20
"Registro Administrativo de la Industria Automotriz de Vehículos Ligeros. Venta de vehículos híbridos y eléctricos","Nacional",2020,"05","27",0,0,7
"Registro Administrativo de la Industria Automotriz de Vehículos Ligeros. Venta de vehículos híbridos y eléctricos","Nacional",2020,"05","28",0,0,16
"Registro Administrativo de la Industria Automotriz de Vehículos Ligeros. Venta de vehículos híbridos y eléctricos","Nacional",2020,"05","29",0,0,4
"Registro Administrativo de la Industria Automotriz de Vehículos Ligeros. Venta de vehículos híbridos y eléctricos","Nacional",2020,"05","30",0,0,18
"Registro Administrativo de la Industria Automotriz de Vehículos Ligeros. Venta de vehículos híbridos y eléctricos","Nacional",2020,"05","31",0,0,6
"Registro Administrativo de la Industria Automotriz de Vehículos Ligeros. Venta de vehículos híbridos y eléctricos","Nacional",2020,"05","32",0,0,7
"Registro Administrativo de la Industria Automotriz de Vehículos Ligeros. Venta de vehículos híbridos y eléctricos","Nacional",2020,"05","99",0,0,0
"Registro Administrativo de la Industria Automotriz de Vehículos Ligeros. Venta de vehículos híbridos y eléctricos","Nacional",2020,"06","01",0,2,11
"Registro Administrativo de la Industria Automotriz de Vehículos Ligeros. Venta de vehículos híbridos y eléctricos","Nacional",2020,"06","02",0,2,23
"Registro Administrativo de la Industria Automotriz de Vehículos Ligeros. Venta de vehículos híbridos y eléctricos","Nacional",2020,"06","03",0,0,6
"Registro Administrativo de la Industria Automotriz de Vehículos Ligeros. Venta de vehículos híbridos y eléctricos","Nacional",2020,"06","04",0,0,2
"Registro Administrativo de la Industria Automotriz de Vehículos Ligeros. Venta de vehículos híbridos y eléctricos","Nacional",2020,"06","05",0,1,45
"Registro Administrativo de la Industria Automotriz de Vehículos Ligeros. Venta de vehículos híbridos y eléctricos","Nacional",2020,"06","06",0,0,7
"Registro Administrativo de la Industria Automotriz de Vehículos Ligeros. Venta de vehículos híbridos y eléctricos","Nacional",2020,"06","07",0,0,6
"Registro Administrativo de la Industria Automotriz de Vehículos Ligeros. Venta de vehículos híbridos y eléctricos","Nacional",2020,"06","08",0,0,27
"Registro Administrativo de la Industria Automotriz de Vehículos Ligeros. Venta de vehículos híbridos y eléctricos","Nacional",2020,"06","09",21,72,483
"Registro Administrativo de la Industria Automotriz de Vehículos Ligeros. Venta de vehículos híbridos y eléctricos","Nacional",2020,"06","10",0,1,7
"Registro Administrativo de la Industria Automotriz de Vehículos Ligeros. Venta de vehículos híbridos y eléctricos","Nacional",2020,"06","11",1,3,38
"Registro Administrativo de la Industria Automotriz de Vehículos Ligeros. Venta de vehículos híbridos y eléctricos","Nacional",2020,"06","12",0,0,1
"Registro Administrativo de la Industria Automotriz de Vehículos Ligeros. Venta de vehículos híbridos y eléctricos","Nacional",2020,"06","13",0,1,15
"Registro Administrativo de la Industria Automotriz de Vehículos Ligeros. Venta de vehículos híbridos y eléctricos","Nacional",2020,"06","14",1,11,142
"Registro Administrativo de la Industria Automotriz de Vehículos Ligeros. Venta de vehículos híbridos y eléctricos","Nacional",2020,"06","15",1,14,241
"Registro Administrativo de la Industria Automotriz de Vehículos Ligeros. Venta de vehículos híbridos y eléctricos","Nacional",2020,"06","16",0,5,48
"Registro Administrativo de la Industria Automotriz de Vehículos Ligeros. Venta de vehículos híbridos y eléctricos","Nacional",2020,"06","17",0,5,27
"Registro Administrativo de la Industria Automotriz de Vehículos Ligeros. Venta de vehículos híbridos y eléctricos","Nacional",2020,"06","18",0,0,1
"Registro Administrativo de la Industria Automotriz de Vehículos Ligeros. Venta de vehículos híbridos y eléctricos","Nacional",2020,"06","19",2,6,103
"Registro Administrativo de la Industria Automotriz de Vehículos Ligeros. Venta de vehículos híbridos y eléctricos","Nacional",2020,"06","20",1,0,74
"Registro Administrativo de la Industria Automotriz de Vehículos Ligeros. Venta de vehículos híbridos y eléctricos","Nacional",2020,"06","21",0,0,44
"Registro Administrativo de la Industria Automotriz de Vehículos Ligeros. Venta de vehículos híbridos y eléctricos","Nacional",2020,"06","22",0,5,35
"Registro Administrativo de la Industria Automotriz de Vehículos Ligeros. Venta de vehículos híbridos y eléctricos","Nacional",2020,"06","23",0,1,7
"Registro Administrativo de la Industria Automotriz de Vehículos Ligeros. Venta de vehículos híbridos y eléctricos","Nacional",2020,"06","24",1,1,15
"Registro Administrativo de la Industria Automotriz de Vehículos Ligeros. Venta de vehículos híbridos y eléctricos","Nacional",2020,"06","25",0,1,23
"Registro Administrativo de la Industria Automotriz de Vehículos Ligeros. Venta de vehículos híbridos y eléctricos","Nacional",2020,"06","26",0,1,22
"Registro Administrativo de la Industria Automotriz de Vehículos Ligeros. Venta de vehículos híbridos y eléctricos","Nacional",2020,"06","27",0,0,5
"Registro Administrativo de la Industria Automotriz de Vehículos Ligeros. Venta de vehículos híbridos y eléctricos","Nacional",2020,"06","28",0,1,19
"Registro Administrativo de la Industria Automotriz de Vehículos Ligeros. Venta de vehículos híbridos y eléctricos","Nacional",2020,"06","29",0,0,5
"Registro Administrativo de la Industria Automotriz de Vehículos Ligeros. Venta de vehículos híbridos y eléctricos","Nacional",2020,"06","30",0,1,21
"Registro Administrativo de la Industria Automotriz de Vehículos Ligeros. Venta de vehículos híbridos y eléctricos","Nacional",2020,"06","31",0,2,17
"Registro Administrativo de la Industria Automotriz de Vehículos Ligeros. Venta de vehículos híbridos y eléctricos","Nacional",2020,"06","32",0,0,2
"Registro Administrativo de la Industria Automotriz de Vehículos Ligeros. Venta de vehículos híbridos y eléctricos","Nacional",2020,"06","99",0,0,0
"Registro Administrativo de la Industria Automotriz de Vehículos Ligeros. Venta de vehículos híbridos y eléctricos","Nacional",2020,"07","01",0,1,24
"Registro Administrativo de la Industria Automotriz de Vehículos Ligeros. Venta de vehículos híbridos y eléctricos","Nacional",2020,"07","02",0,2,30
"Registro Administrativo de la Industria Automotriz de Vehículos Ligeros. Venta de vehículos híbridos y eléctricos","Nacional",2020,"07","03",0,0,29
"Registro Administrativo de la Industria Automotriz de Vehículos Ligeros. Venta de vehículos híbridos y eléctricos","Nacional",2020,"07","04",0,0,5
"Registro Administrativo de la Industria Automotriz de Vehículos Ligeros. Venta de vehículos híbridos y eléctricos","Nacional",2020,"07","05",0,1,29
"Registro Administrativo de la Industria Automotriz de Vehículos Ligeros. Venta de vehículos híbridos y eléctricos","Nacional",2020,"07","06",0,0,12
"Registro Administrativo de la Industria Automotriz de Vehículos Ligeros. Venta de vehículos híbridos y eléctricos","Nacional",2020,"07","07",0,0,6
"Registro Administrativo de la Industria Automotriz de Vehículos Ligeros. Venta de vehículos híbridos y eléctricos","Nacional",2020,"07","08",1,0,31
"Registro Administrativo de la Industria Automotriz de Vehículos Ligeros. Venta de vehículos híbridos y eléctricos","Nacional",2020,"07","09",4,61,419
"Registro Administrativo de la Industria Automotriz de Vehículos Ligeros. Venta de vehículos híbridos y eléctricos","Nacional",2020,"07","10",0,0,15
"Registro Administrativo de la Industria Automotriz de Vehículos Ligeros. Venta de vehículos híbridos y eléctricos","Nacional",2020,"07","11",0,4,56
"Registro Administrativo de la Industria Automotriz de Vehículos Ligeros. Venta de vehículos híbridos y eléctricos","Nacional",2020,"07","12",0,0,8
"Registro Administrativo de la Industria Automotriz de Vehículos Ligeros. Venta de vehículos híbridos y eléctricos","Nacional",2020,"07","13",1,1,16
"Registro Administrativo de la Industria Automotriz de Vehículos Ligeros. Venta de vehículos híbridos y eléctricos","Nacional",2020,"07","14",0,11,172
"Registro Administrativo de la Industria Automotriz de Vehículos Ligeros. Venta de vehículos híbridos y eléctricos","Nacional",2020,"07","15",7,19,238
"Registro Administrativo de la Industria Automotriz de Vehículos Ligeros. Venta de vehículos híbridos y eléctricos","Nacional",2020,"07","16",1,2,54
"Registro Administrativo de la Industria Automotriz de Vehículos Ligeros. Venta de vehículos híbridos y eléctricos","Nacional",2020,"07","17",1,4,31
"Registro Administrativo de la Industria Automotriz de Vehículos Ligeros. Venta de vehículos híbridos y eléctricos","Nacional",2020,"07","18",0,0,2
"Registro Administrativo de la Industria Automotriz de Vehículos Ligeros. Venta de vehículos híbridos y eléctricos","Nacional",2020,"07","19",4,14,105
"Registro Administrativo de la Industria Automotriz de Vehículos Ligeros. Venta de vehículos híbridos y eléctricos","Nacional",2020,"07","20",1,0,47
"Registro Administrativo de la Industria Automotriz de Vehículos Ligeros. Venta de vehículos híbridos y eléctricos","Nacional",2020,"07","21",2,9,45
"Registro Administrativo de la Industria Automotriz de Vehículos Ligeros. Venta de vehículos híbridos y eléctricos","Nacional",2020,"07","22",2,5,41
"Registro Administrativo de la Industria Automotriz de Vehículos Ligeros. Venta de vehículos híbridos y eléctricos","Nacional",2020,"07","23",0,1,12
"Registro Administrativo de la Industria Automotriz de Vehículos Ligeros. Venta de vehículos híbridos y eléctricos","Nacional",2020,"07","24",0,1,13
"Registro Administrativo de la Industria Automotriz de Vehículos Ligeros. Venta de vehículos híbridos y eléctricos","Nacional",2020,"07","25",0,3,58
"Registro Administrativo de la Industria Automotriz de Vehículos Ligeros. Venta de vehículos híbridos y eléctricos","Nacional",2020,"07","26",0,1,23
"Registro Administrativo de la Industria Automotriz de Vehículos Ligeros. Venta de vehículos híbridos y eléctricos","Nacional",2020,"07","27",0,0,9
"Registro Administrativo de la Industria Automotriz de Vehículos Ligeros. Venta de vehículos híbridos y eléctricos","Nacional",2020,"07","28",0,0,18
"Registro Administrativo de la Industria Automotriz de Vehículos Ligeros. Venta de vehículos híbridos y eléctricos","Nacional",2020,"07","29",0,0,3
"Registro Administrativo de la Industria Automotriz de Vehículos Ligeros. Venta de vehículos híbridos y eléctricos","Nacional",2020,"07","30",0,1,28
"Registro Administrativo de la Industria Automotriz de Vehículos Ligeros. Venta de vehículos híbridos y eléctricos","Nacional",2020,"07","31",0,0,13
"Registro Administrativo de la Industria Automotriz de Vehículos Ligeros. Venta de vehículos híbridos y eléctricos","Nacional",2020,"07","32",0,0,9
"Registro Administrativo de la Industria Automotriz de Vehículos Ligeros. Venta de vehículos híbridos y eléctricos","Nacional",2020,"07","99",0,0,0
"Registro Administrativo de la Industria Automotriz de Vehículos Ligeros. Venta de vehículos híbridos y eléctricos","Nacional",2020,"08","01",3,0,19
"Registro Administrativo de la Industria Automotriz de Vehículos Ligeros. Venta de vehículos híbridos y eléctricos","Nacional",2020,"08","02",0,2,30
"Registro Administrativo de la Industria Automotriz de Vehículos Ligeros. Venta de vehículos híbridos y eléctricos","Nacional",2020,"08","03",0,0,19
"Registro Administrativo de la Industria Automotriz de Vehículos Ligeros. Venta de vehículos híbridos y eléctricos","Nacional",2020,"08","04",0,0,2
"Registro Administrativo de la Industria Automotriz de Vehículos Ligeros. Venta de vehículos híbridos y eléctricos","Nacional",2020,"08","05",0,3,30
"Registro Administrativo de la Industria Automotriz de Vehículos Ligeros. Venta de vehículos híbridos y eléctricos","Nacional",2020,"08","06",0,0,14
"Registro Administrativo de la Industria Automotriz de Vehículos Ligeros. Venta de vehículos híbridos y eléctricos","Nacional",2020,"08","07",0,0,5
"Registro Administrativo de la Industria Automotriz de Vehículos Ligeros. Venta de vehículos híbridos y eléctricos","Nacional",2020,"08","08",1,0,32
"Registro Administrativo de la Industria Automotriz de Vehículos Ligeros. Venta de vehículos híbridos y eléctricos","Nacional",2020,"08","09",11,56,449
"Registro Administrativo de la Industria Automotriz de Vehículos Ligeros. Venta de vehículos híbridos y eléctricos","Nacional",2020,"08","10",0,0,4
"Registro Administrativo de la Industria Automotriz de Vehículos Ligeros. Venta de vehículos híbridos y eléctricos","Nacional",2020,"08","11",2,3,45
"Registro Administrativo de la Industria Automotriz de Vehículos Ligeros. Venta de vehículos híbridos y eléctricos","Nacional",2020,"08","12",0,0,5
"Registro Administrativo de la Industria Automotriz de Vehículos Ligeros. Venta de vehículos híbridos y eléctricos","Nacional",2020,"08","13",1,1,31
"Registro Administrativo de la Industria Automotriz de Vehículos Ligeros. Venta de vehículos híbridos y eléctricos","Nacional",2020,"08","14",3,15,155
"Registro Administrativo de la Industria Automotriz de Vehículos Ligeros. Venta de vehículos híbridos y eléctricos","Nacional",2020,"08","15",10,14,260
"Registro Administrativo de la Industria Automotriz de Vehículos Ligeros. Venta de vehículos híbridos y eléctricos","Nacional",2020,"08","16",0,3,37
"Registro Administrativo de la Industria Automotriz de Vehículos Ligeros. Venta de vehículos híbridos y eléctricos","Nacional",2020,"08","17",2,5,23
"Registro Administrativo de la Industria Automotriz de Vehículos Ligeros. Venta de vehículos híbridos y eléctricos","Nacional",2020,"08","18",0,0,0
"Registro Administrativo de la Industria Automotriz de Vehículos Ligeros. Venta de vehículos híbridos y eléctricos","Nacional",2020,"08","19",3,15,110
"Registro Administrativo de la Industria Automotriz de Vehículos Ligeros. Venta de vehículos híbridos y eléctricos","Nacional",2020,"08","20",0,0,40
"Registro Administrativo de la Industria Automotriz de Vehículos Ligeros. Venta de vehículos híbridos y eléctricos","Nacional",2020,"08","21",5,2,58
"Registro Administrativo de la Industria Automotriz de Vehículos Ligeros. Venta de vehículos híbridos y eléctricos","Nacional",2020,"08","22",1,8,41
"Registro Administrativo de la Industria Automotriz de Vehículos Ligeros. Venta de vehículos híbridos y eléctricos","Nacional",2020,"08","23",0,0,9
"Registro Administrativo de la Industria Automotriz de Vehículos Ligeros. Venta de vehículos híbridos y eléctricos","Nacional",2020,"08","24",2,3,22
"Registro Administrativo de la Industria Automotriz de Vehículos Ligeros. Venta de vehículos híbridos y eléctricos","Nacional",2020,"08","25",0,4,67
"Registro Administrativo de la Industria Automotriz de Vehículos Ligeros. Venta de vehículos híbridos y eléctricos","Nacional",2020,"08","26",0,0,21
"Registro Administrativo de la Industria Automotriz de Vehículos Ligeros. Venta de vehículos híbridos y eléctricos","Nacional",2020,"08","27",3,0,11
"Registro Administrativo de la Industria Automotriz de Vehículos Ligeros. Venta de vehículos híbridos y eléctricos","Nacional",2020,"08","28",0,0,14
"Registro Administrativo de la Industria Automotriz de Vehículos Ligeros. Venta de vehículos híbridos y eléctricos","Nacional",2020,"08","29",0,0,8
"Registro Administrativo de la Industria Automotriz de Vehículos Ligeros. Venta de vehículos híbridos y eléctricos","Nacional",2020,"08","30",3,0,33
"Registro Administrativo de la Industria Automotriz de Vehículos Ligeros. Venta de vehículos híbridos y eléctricos","Nacional",2020,"08","31",1,1,17
"Registro Administrativo de la Industria Automotriz de Vehículos Ligeros. Venta de vehículos híbridos y eléctricos","Nacional",2020,"08","32",0,0,7
"Registro Administrativo de la Industria Automotriz de Vehículos Ligeros. Venta de vehículos híbridos y eléctricos","Nacional",2020,"08","99",0,0,0
"Registro Administrativo de la Industria Automotriz de Vehículos Ligeros. Venta de vehículos híbridos y eléctricos","Nacional",2020,"09","01",0,1,18
"Registro Administrativo de la Industria Automotriz de Vehículos Ligeros. Venta de vehículos híbridos y eléctricos","Nacional",2020,"09","02",3,1,27
"Registro Administrativo de la Industria Automotriz de Vehículos Ligeros. Venta de vehículos híbridos y eléctricos","Nacional",2020,"09","03",0,0,8
"Registro Administrativo de la Industria Automotriz de Vehículos Ligeros. Venta de vehículos híbridos y eléctricos","Nacional",2020,"09","04",0,0,2
"Registro Administrativo de la Industria Automotriz de Vehículos Ligeros. Venta de vehículos híbridos y eléctricos","Nacional",2020,"09","05",0,8,27
"Registro Administrativo de la Industria Automotriz de Vehículos Ligeros. Venta de vehículos híbridos y eléctricos","Nacional",2020,"09","06",1,0,2
"Registro Administrativo de la Industria Automotriz de Vehículos Ligeros. Venta de vehículos híbridos y eléctricos","Nacional",2020,"09","07",0,0,8
"Registro Administrativo de la Industria Automotriz de Vehículos Ligeros. Venta de vehículos híbridos y eléctricos","Nacional",2020,"09","08",0,0,18
"Registro Administrativo de la Industria Automotriz de Vehículos Ligeros. Venta de vehículos híbridos y eléctricos","Nacional",2020,"09","09",14,69,397
"Registro Administrativo de la Industria Automotriz de Vehículos Ligeros. Venta de vehículos híbridos y eléctricos","Nacional",2020,"09","10",0,0,4
"Registro Administrativo de la Industria Automotriz de Vehículos Ligeros. Venta de vehículos híbridos y eléctricos","Nacional",2020,"09","11",2,6,43
"Registro Administrativo de la Industria Automotriz de Vehículos Ligeros. Venta de vehículos híbridos y eléctricos","Nacional",2020,"09","12",0,0,7
"Registro Administrativo de la Industria Automotriz de Vehículos Ligeros. Venta de vehículos híbridos y eléctricos","Nacional",2020,"09","13",0,1,12
"Registro Administrativo de la Industria Automotriz de Vehículos Ligeros. Venta de vehículos híbridos y eléctricos","Nacional",2020,"09","14",6,6,135
"Registro Administrativo de la Industria Automotriz de Vehículos Ligeros. Venta de vehículos híbridos y eléctricos","Nacional",2020,"09","15",7,14,265
"Registro Administrativo de la Industria Automotriz de Vehículos Ligeros. Venta de vehículos híbridos y eléctricos","Nacional",2020,"09","16",1,3,37
"Registro Administrativo de la Industria Automotriz de Vehículos Ligeros. Venta de vehículos híbridos y eléctricos","Nacional",2020,"09","17",0,2,26
"Registro Administrativo de la Industria Automotriz de Vehículos Ligeros. Venta de vehículos híbridos y eléctricos","Nacional",2020,"09","18",0,0,3
"Registro Administrativo de la Industria Automotriz de Vehículos Ligeros. Venta de vehículos híbridos y eléctricos","Nacional",2020,"09","19",5,17,86
"Registro Administrativo de la Industria Automotriz de Vehículos Ligeros. Venta de vehículos híbridos y eléctricos","Nacional",2020,"09","20",0,0,20
"Registro Administrativo de la Industria Automotriz de Vehículos Ligeros. Venta de vehículos híbridos y eléctricos","Nacional",2020,"09","21",4,6,57
"Registro Administrativo de la Industria Automotriz de Vehículos Ligeros. Venta de vehículos híbridos y eléctricos","Nacional",2020,"09","22",1,8,42
"Registro Administrativo de la Industria Automotriz de Vehículos Ligeros. Venta de vehículos híbridos y eléctricos","Nacional",2020,"09","23",1,1,9
"Registro Administrativo de la Industria Automotriz de Vehículos Ligeros. Venta de vehículos híbridos y eléctricos","Nacional",2020,"09","24",0,2,14
"Registro Administrativo de la Industria Automotriz de Vehículos Ligeros. Venta de vehículos híbridos y eléctricos","Nacional",2020,"09","25",0,2,33
"Registro Administrativo de la Industria Automotriz de Vehículos Ligeros. Venta de vehículos híbridos y eléctricos","Nacional",2020,"09","26",0,1,13
"Registro Administrativo de la Industria Automotriz de Vehículos Ligeros. Venta de vehículos híbridos y eléctricos","Nacional",2020,"09","27",0,1,12
"Registro Administrativo de la Industria Automotriz de Vehículos Ligeros. Venta de vehículos híbridos y eléctricos","Nacional",2020,"09","28",0,0,11
"Registro Administrativo de la Industria Automotriz de Vehículos Ligeros. Venta de vehículos híbridos y eléctricos","Nacional",2020,"09","29",0,0,6
"Registro Administrativo de la Industria Automotriz de Vehículos Ligeros. Venta de vehículos híbridos y eléctricos","Nacional",2020,"09","30",3,1,18
"Registro Administrativo de la Industria Automotriz de Vehículos Ligeros. Venta de vehículos híbridos y eléctricos","Nacional",2020,"09","31",1,1,13
"Registro Administrativo de la Industria Automotriz de Vehículos Ligeros. Venta de vehículos híbridos y eléctricos","Nacional",2020,"09","32",0,0,1
"Registro Administrativo de la Industria Automotriz de Vehículos Ligeros. Venta de vehículos híbridos y eléctricos","Nacional",2020,"09","99",0,0,0
"Registro Administrativo de la Industria Automotriz de Vehículos Ligeros. Venta de vehículos híbridos y eléctricos","Nacional",2020,"10","01",0,0,16
"Registro Administrativo de la Industria Automotriz de Vehículos Ligeros. Venta de vehículos híbridos y eléctricos","Nacional",2020,"10","02",1,0,31
"Registro Administrativo de la Industria Automotriz de Vehículos Ligeros. Venta de vehículos híbridos y eléctricos","Nacional",2020,"10","03",0,0,13
"Registro Administrativo de la Industria Automotriz de Vehículos Ligeros. Venta de vehículos híbridos y eléctricos","Nacional",2020,"10","04",0,0,1
"Registro Administrativo de la Industria Automotriz de Vehículos Ligeros. Venta de vehículos híbridos y eléctricos","Nacional",2020,"10","05",0,3,41
"Registro Administrativo de la Industria Automotriz de Vehículos Ligeros. Venta de vehículos híbridos y eléctricos","Nacional",2020,"10","06",1,0,6
"Registro Administrativo de la Industria Automotriz de Vehículos Ligeros. Venta de vehículos híbridos y eléctricos","Nacional",2020,"10","07",0,0,4
"Registro Administrativo de la Industria Automotriz de Vehículos Ligeros. Venta de vehículos híbridos y eléctricos","Nacional",2020,"10","08",0,1,23
"Registro Administrativo de la Industria Automotriz de Vehículos Ligeros. Venta de vehículos híbridos y eléctricos","Nacional",2020,"10","09",20,53,551
"Registro Administrativo de la Industria Automotriz de Vehículos Ligeros. Venta de vehículos híbridos y eléctricos","Nacional",2020,"10","10",0,0,9
"Registro Administrativo de la Industria Automotriz de Vehículos Ligeros. Venta de vehículos híbridos y eléctricos","Nacional",2020,"10","11",2,3,41
"Registro Administrativo de la Industria Automotriz de Vehículos Ligeros. Venta de vehículos híbridos y eléctricos","Nacional",2020,"10","12",0,0,4
"Registro Administrativo de la Industria Automotriz de Vehículos Ligeros. Venta de vehículos híbridos y eléctricos","Nacional",2020,"10","13",1,0,23
"Registro Administrativo de la Industria Automotriz de Vehículos Ligeros. Venta de vehículos híbridos y eléctricos","Nacional",2020,"10","14",4,9,152
"Registro Administrativo de la Industria Automotriz de Vehículos Ligeros. Venta de vehículos híbridos y eléctricos","Nacional",2020,"10","15",16,14,423
"Registro Administrativo de la Industria Automotriz de Vehículos Ligeros. Venta de vehículos híbridos y eléctricos","Nacional",2020,"10","16",1,2,62
"Registro Administrativo de la Industria Automotriz de Vehículos Ligeros. Venta de vehículos híbridos y eléctricos","Nacional",2020,"10","17",1,0,29
"Registro Administrativo de la Industria Automotriz de Vehículos Ligeros. Venta de vehículos híbridos y eléctricos","Nacional",2020,"10","18",0,1,6
"Registro Administrativo de la Industria Automotriz de Vehículos Ligeros. Venta de vehículos híbridos y eléctricos","Nacional",2020,"10","19",5,7,121
"Registro Administrativo de la Industria Automotriz de Vehículos Ligeros. Venta de vehículos híbridos y eléctricos","Nacional",2020,"10","20",1,0,40
"Registro Administrativo de la Industria Automotriz de Vehículos Ligeros. Venta de vehículos híbridos y eléctricos","Nacional",2020,"10","21",1,1,62
"Registro Administrativo de la Industria Automotriz de Vehículos Ligeros. Venta de vehículos híbridos y eléctricos","Nacional",2020,"10","22",1,14,55
"Registro Administrativo de la Industria Automotriz de Vehículos Ligeros. Venta de vehículos híbridos y eléctricos","Nacional",2020,"10","23",0,0,8
"Registro Administrativo de la Industria Automotriz de Vehículos Ligeros. Venta de vehículos híbridos y eléctricos","Nacional",2020,"10","24",0,3,19
"Registro Administrativo de la Industria Automotriz de Vehículos Ligeros. Venta de vehículos híbridos y eléctricos","Nacional",2020,"10","25",1,4,40
"Registro Administrativo de la Industria Automotriz de Vehículos Ligeros. Venta de vehículos híbridos y eléctricos","Nacional",2020,"10","26",0,2,25
"Registro Administrativo de la Industria Automotriz de Vehículos Ligeros. Venta de vehículos híbridos y eléctricos","Nacional",2020,"10","27",0,0,5
"Registro Administrativo de la Industria Automotriz de Vehículos Ligeros. Venta de vehículos híbridos y eléctricos","Nacional",2020,"10","28",0,0,13
"Registro Administrativo de la Industria Automotriz de Vehículos Ligeros. Venta de vehículos híbridos y eléctricos","Nacional",2020,"10","29",0,0,13
"Registro Administrativo de la Industria Automotriz de Vehículos Ligeros. Venta de vehículos híbridos y eléctricos","Nacional",2020,"10","30",1,1,35
"Registro Administrativo de la Industria Automotriz de Vehículos Ligeros. Venta de vehículos híbridos y eléctricos","Nacional",2020,"10","31",0,2,20
"Registro Administrativo de la Industria Automotriz de Vehículos Ligeros. Venta de vehículos híbridos y eléctricos","Nacional",2020,"10","32",0,0,4
"Registro Administrativo de la Industria Automotriz de Vehículos Ligeros. Venta de vehículos híbridos y eléctricos","Nacional",2020,"10","99",0,0,0
"Registro Administrativo de la Industria Automotriz de Vehículos Ligeros. Venta de vehículos híbridos y eléctricos","Nacional",2020,"11","01",0,1,19
"Registro Administrativo de la Industria Automotriz de Vehículos Ligeros. Venta de vehículos híbridos y eléctricos","Nacional",2020,"11","02",0,0,19
"Registro Administrativo de la Industria Automotriz de Vehículos Ligeros. Venta de vehículos híbridos y eléctricos","Nacional",2020,"11","03",0,0,9
"Registro Administrativo de la Industria Automotriz de Vehículos Ligeros. Venta de vehículos híbridos y eléctricos","Nacional",2020,"11","04",0,0,6
"Registro Administrativo de la Industria Automotriz de Vehículos Ligeros. Venta de vehículos híbridos y eléctricos","Nacional",2020,"11","05",0,1,49
"Registro Administrativo de la Industria Automotriz de Vehículos Ligeros. Venta de vehículos híbridos y eléctricos","Nacional",2020,"11","06",0,0,8
"Registro Administrativo de la Industria Automotriz de Vehículos Ligeros. Venta de vehículos híbridos y eléctricos","Nacional",2020,"11","07",0,0,5
"Registro Administrativo de la Industria Automotriz de Vehículos Ligeros. Venta de vehículos híbridos y eléctricos","Nacional",2020,"11","08",0,0,29
"Registro Administrativo de la Industria Automotriz de Vehículos Ligeros. Venta de vehículos híbridos y eléctricos","Nacional",2020,"11","09",3,88,542
"Registro Administrativo de la Industria Automotriz de Vehículos Ligeros. Venta de vehículos híbridos y eléctricos","Nacional",2020,"11","10",0,0,8
"Registro Administrativo de la Industria Automotriz de Vehículos Ligeros. Venta de vehículos híbridos y eléctricos","Nacional",2020,"11","11",2,8,70
"Registro Administrativo de la Industria Automotriz de Vehículos Ligeros. Venta de vehículos híbridos y eléctricos","Nacional",2020,"11","12",0,0,10
"Registro Administrativo de la Industria Automotriz de Vehículos Ligeros. Venta de vehículos híbridos y eléctricos","Nacional",2020,"11","13",0,0,34
"Registro Administrativo de la Industria Automotriz de Vehículos Ligeros. Venta de vehículos híbridos y eléctricos","Nacional",2020,"11","14",3,12,186
"Registro Administrativo de la Industria Automotriz de Vehículos Ligeros. Venta de vehículos híbridos y eléctricos","Nacional",2020,"11","15",27,19,446
"Registro Administrativo de la Industria Automotriz de Vehículos Ligeros. Venta de vehículos híbridos y eléctricos","Nacional",2020,"11","16",0,5,61
"Registro Administrativo de la Industria Automotriz de Vehículos Ligeros. Venta de vehículos híbridos y eléctricos","Nacional",2020,"11","17",0,3,49
"Registro Administrativo de la Industria Automotriz de Vehículos Ligeros. Venta de vehículos híbridos y eléctricos","Nacional",2020,"11","18",0,0,1
"Registro Administrativo de la Industria Automotriz de Vehículos Ligeros. Venta de vehículos híbridos y eléctricos","Nacional",2020,"11","19",1,11,208
"Registro Administrativo de la Industria Automotriz de Vehículos Ligeros. Venta de vehículos híbridos y eléctricos","Nacional",2020,"11","20",2,0,33
"Registro Administrativo de la Industria Automotriz de Vehículos Ligeros. Venta de vehículos híbridos y eléctricos","Nacional",2020,"11","21",1,7,84
"Registro Administrativo de la Industria Automotriz de Vehículos Ligeros. Venta de vehículos híbridos y eléctricos","Nacional",2020,"11","22",1,9,67
"Registro Administrativo de la Industria Automotriz de Vehículos Ligeros. Venta de vehículos híbridos y eléctricos","Nacional",2020,"11","23",1,0,11
"Registro Administrativo de la Industria Automotriz de Vehículos Ligeros. Venta de vehículos híbridos y eléctricos","Nacional",2020,"11","24",0,3,25
"Registro Administrativo de la Industria Automotriz de Vehículos Ligeros. Venta de vehículos híbridos y eléctricos","Nacional",2020,"11","25",0,6,50
"Registro Administrativo de la Industria Automotriz de Vehículos Ligeros. Venta de vehículos híbridos y eléctricos","Nacional",2020,"11","26",0,2,29
"Registro Administrativo de la Industria Automotriz de Vehículos Ligeros. Venta de vehículos híbridos y eléctricos","Nacional",2020,"11","27",0,0,11
"Registro Administrativo de la Industria Automotriz de Vehículos Ligeros. Venta de vehículos híbridos y eléctricos","Nacional",2020,"11","28",0,0,27
"Registro Administrativo de la Industria Automotriz de Vehículos Ligeros. Venta de vehículos híbridos y eléctricos","Nacional",2020,"11","29",0,0,13
"Registro Administrativo de la Industria Automotriz de Vehículos Ligeros. Venta de vehículos híbridos y eléctricos","Nacional",2020,"11","30",0,0,40
"Registro Administrativo de la Industria Automotriz de Vehículos Ligeros. Venta de vehículos híbridos y eléctricos","Nacional",2020,"11","31",0,1,27
"Registro Administrativo de la Industria Automotriz de Vehículos Ligeros. Venta de vehículos híbridos y eléctricos","Nacional",2020,"11","32",0,0,9
"Registro Administrativo de la Industria Automotriz de Vehículos Ligeros. Venta de vehículos híbridos y eléctricos","Nacional",2020,"11","99",0,0,0
"Registro Administrativo de la Industria Automotriz de Vehículos Ligeros. Venta de vehículos híbridos y eléctricos","Nacional",2020,"12","01",0,2,42
"Registro Administrativo de la Industria Automotriz de Vehículos Ligeros. Venta de vehículos híbridos y eléctricos","Nacional",2020,"12","02",0,5,62
"Registro Administrativo de la Industria Automotriz de Vehículos Ligeros. Venta de vehículos híbridos y eléctricos","Nacional",2020,"12","03",0,0,47
"Registro Administrativo de la Industria Automotriz de Vehículos Ligeros. Venta de vehículos híbridos y eléctricos","Nacional",2020,"12","04",0,0,4
"Registro Administrativo de la Industria Automotriz de Vehículos Ligeros. Venta de vehículos híbridos y eléctricos","Nacional",2020,"12","05",0,8,66
"Registro Administrativo de la Industria Automotriz de Vehículos Ligeros. Venta de vehículos híbridos y eléctricos","Nacional",2020,"12","06",0,0,27
"Registro Administrativo de la Industria Automotriz de Vehículos Ligeros. Venta de vehículos híbridos y eléctricos","Nacional",2020,"12","07",0,0,18
"Registro Administrativo de la Industria Automotriz de Vehículos Ligeros. Venta de vehículos híbridos y eléctricos","Nacional",2020,"12","08",0,3,69
"Registro Administrativo de la Industria Automotriz de Vehículos Ligeros. Venta de vehículos híbridos y eléctricos","Nacional",2020,"12","09",11,102,721
"Registro Administrativo de la Industria Automotriz de Vehículos Ligeros. Venta de vehículos híbridos y eléctricos","Nacional",2020,"12","10",0,0,13
"Registro Administrativo de la Industria Automotriz de Vehículos Ligeros. Venta de vehículos híbridos y eléctricos","Nacional",2020,"12","11",0,7,105
"Registro Administrativo de la Industria Automotriz de Vehículos Ligeros. Venta de vehículos híbridos y eléctricos","Nacional",2020,"12","12",0,0,11
"Registro Administrativo de la Industria Automotriz de Vehículos Ligeros. Venta de vehículos híbridos y eléctricos","Nacional",2020,"12","13",0,0,40
"Registro Administrativo de la Industria Automotriz de Vehículos Ligeros. Venta de vehículos híbridos y eléctricos","Nacional",2020,"12","14",6,19,320
"Registro Administrativo de la Industria Automotriz de Vehículos Ligeros. Venta de vehículos híbridos y eléctricos","Nacional",2020,"12","15",35,30,528
"Registro Administrativo de la Industria Automotriz de Vehículos Ligeros. Venta de vehículos híbridos y eléctricos","Nacional",2020,"12","16",1,8,133
"Registro Administrativo de la Industria Automotriz de Vehículos Ligeros. Venta de vehículos híbridos y eléctricos","Nacional",2020,"12","17",1,5,43
"Registro Administrativo de la Industria Automotriz de Vehículos Ligeros. Venta de vehículos híbridos y eléctricos","Nacional",2020,"12","18",0,0,1
"Registro Administrativo de la Industria Automotriz de Vehículos Ligeros. Venta de vehículos híbridos y eléctricos","Nacional",2020,"12","19",8,11,320
"Registro Administrativo de la Industria Automotriz de Vehículos Ligeros. Venta de vehículos híbridos y eléctricos","Nacional",2020,"12","20",1,1,19
"Registro Administrativo de la Industria Automotriz de Vehículos Ligeros. Venta de vehículos híbridos y eléctricos","Nacional",2020,"12","21",4,5,119
"Registro Administrativo de la Industria Automotriz de Vehículos Ligeros. Venta de vehículos híbridos y eléctricos","Nacional",2020,"12","22",0,17,68
"Registro Administrativo de la Industria Automotriz de Vehículos Ligeros. Venta de vehículos híbridos y eléctricos","Nacional",2020,"12","23",0,2,15
"Registro Administrativo de la Industria Automotriz de Vehículos Ligeros. Venta de vehículos híbridos y eléctricos","Nacional",2020,"12","24",0,3,41
"Registro Administrativo de la Industria Automotriz de Vehículos Ligeros. Venta de vehículos híbridos y eléctricos","Nacional",2020,"12","25",0,3,101
"Registro Administrativo de la Industria Automotriz de Vehículos Ligeros. Venta de vehículos híbridos y eléctricos","Nacional",2020,"12","26",1,0,50
"Registro Administrativo de la Industria Automotriz de Vehículos Ligeros. Venta de vehículos híbridos y eléctricos","Nacional",2020,"12","27",0,1,4
"Registro Administrativo de la Industria Automotriz de Vehículos Ligeros. Venta de vehículos híbridos y eléctricos","Nacional",2020,"12","28",0,0,43
"Registro Administrativo de la Industria Automotriz de Vehículos Ligeros. Venta de vehículos híbridos y eléctricos","Nacional",2020,"12","29",0,0,17
"Registro Administrativo de la Industria Automotriz de Vehículos Ligeros. Venta de vehículos híbridos y eléctricos","Nacional",2020,"12","30",1,7,101
"Registro Administrativo de la Industria Automotriz de Vehículos Ligeros. Venta de vehículos híbridos y eléctricos","Nacional",2020,"12","31",1,2,52
"Registro Administrativo de la Industria Automotriz de Vehículos Ligeros. Venta de vehículos híbridos y eléctricos","Nacional",2020,"12","32",0,0,12
"Registro Administrativo de la Industria Automotriz de Vehículos Ligeros. Venta de vehículos híbridos y eléctricos","Nacional",2020,"12","99",0,0,0
