﻿"PROD_EST","COBERTURA","ANIO","ID_MES","ID_ENTIDAD","VEH_ELECTR","VEH_HIBRIDAS_PLUGIN","VEH_HIBRIDAS"
"Registro Administrativo de la Industria Automotriz de Vehículos Ligeros. Venta de vehículos híbridos y eléctricos","Nacional",2017,"01","01",0,0,3
"Registro Administrativo de la Industria Automotriz de Vehículos Ligeros. Venta de vehículos híbridos y eléctricos","Nacional",2017,"01","02",0,0,9
"Registro Administrativo de la Industria Automotriz de Vehículos Ligeros. Venta de vehículos híbridos y eléctricos","Nacional",2017,"01","03",0,0,2
"Registro Administrativo de la Industria Automotriz de Vehículos Ligeros. Venta de vehículos híbridos y eléctricos","Nacional",2017,"01","04",0,0,1
"Registro Administrativo de la Industria Automotriz de Vehículos Ligeros. Venta de vehículos híbridos y eléctricos","Nacional",2017,"01","05",0,0,9
"Registro Administrativo de la Industria Automotriz de Vehículos Ligeros. Venta de vehículos híbridos y eléctricos","Nacional",2017,"01","06",0,0,3
"Registro Administrativo de la Industria Automotriz de Vehículos Ligeros. Venta de vehículos híbridos y eléctricos","Nacional",2017,"01","07",0,0,2
"Registro Administrativo de la Industria Automotriz de Vehículos Ligeros. Venta de vehículos híbridos y eléctricos","Nacional",2017,"01","08",0,0,4
"Registro Administrativo de la Industria Automotriz de Vehículos Ligeros. Venta de vehículos híbridos y eléctricos","Nacional",2017,"01","09",8,63,182
"Registro Administrativo de la Industria Automotriz de Vehículos Ligeros. Venta de vehículos híbridos y eléctricos","Nacional",2017,"01","10",0,0,7
"Registro Administrativo de la Industria Automotriz de Vehículos Ligeros. Venta de vehículos híbridos y eléctricos","Nacional",2017,"01","11",0,1,13
"Registro Administrativo de la Industria Automotriz de Vehículos Ligeros. Venta de vehículos híbridos y eléctricos","Nacional",2017,"01","12",0,0,1
"Registro Administrativo de la Industria Automotriz de Vehículos Ligeros. Venta de vehículos híbridos y eléctricos","Nacional",2017,"01","13",0,1,5
"Registro Administrativo de la Industria Automotriz de Vehículos Ligeros. Venta de vehículos híbridos y eléctricos","Nacional",2017,"01","14",15,6,21
"Registro Administrativo de la Industria Automotriz de Vehículos Ligeros. Venta de vehículos híbridos y eléctricos","Nacional",2017,"01","15",2,5,81
"Registro Administrativo de la Industria Automotriz de Vehículos Ligeros. Venta de vehículos híbridos y eléctricos","Nacional",2017,"01","16",0,1,8
"Registro Administrativo de la Industria Automotriz de Vehículos Ligeros. Venta de vehículos híbridos y eléctricos","Nacional",2017,"01","17",0,4,9
"Registro Administrativo de la Industria Automotriz de Vehículos Ligeros. Venta de vehículos híbridos y eléctricos","Nacional",2017,"01","18",0,0,0
"Registro Administrativo de la Industria Automotriz de Vehículos Ligeros. Venta de vehículos híbridos y eléctricos","Nacional",2017,"01","19",1,6,16
"Registro Administrativo de la Industria Automotriz de Vehículos Ligeros. Venta de vehículos híbridos y eléctricos","Nacional",2017,"01","20",0,0,12
"Registro Administrativo de la Industria Automotriz de Vehículos Ligeros. Venta de vehículos híbridos y eléctricos","Nacional",2017,"01","21",0,3,17
"Registro Administrativo de la Industria Automotriz de Vehículos Ligeros. Venta de vehículos híbridos y eléctricos","Nacional",2017,"01","22",0,2,15
"Registro Administrativo de la Industria Automotriz de Vehículos Ligeros. Venta de vehículos híbridos y eléctricos","Nacional",2017,"01","23",0,2,3
"Registro Administrativo de la Industria Automotriz de Vehículos Ligeros. Venta de vehículos híbridos y eléctricos","Nacional",2017,"01","24",0,3,5
"Registro Administrativo de la Industria Automotriz de Vehículos Ligeros. Venta de vehículos híbridos y eléctricos","Nacional",2017,"01","25",0,0,14
"Registro Administrativo de la Industria Automotriz de Vehículos Ligeros. Venta de vehículos híbridos y eléctricos","Nacional",2017,"01","26",0,0,6
"Registro Administrativo de la Industria Automotriz de Vehículos Ligeros. Venta de vehículos híbridos y eléctricos","Nacional",2017,"01","27",0,0,3
"Registro Administrativo de la Industria Automotriz de Vehículos Ligeros. Venta de vehículos híbridos y eléctricos","Nacional",2017,"01","28",0,0,5
"Registro Administrativo de la Industria Automotriz de Vehículos Ligeros. Venta de vehículos híbridos y eléctricos","Nacional",2017,"01","29",0,0,0
"Registro Administrativo de la Industria Automotriz de Vehículos Ligeros. Venta de vehículos híbridos y eléctricos","Nacional",2017,"01","30",0,0,10
"Registro Administrativo de la Industria Automotriz de Vehículos Ligeros. Venta de vehículos híbridos y eléctricos","Nacional",2017,"01","31",0,0,5
"Registro Administrativo de la Industria Automotriz de Vehículos Ligeros. Venta de vehículos híbridos y eléctricos","Nacional",2017,"01","32",0,0,3
"Registro Administrativo de la Industria Automotriz de Vehículos Ligeros. Venta de vehículos híbridos y eléctricos","Nacional",2017,"02","01",0,0,6
"Registro Administrativo de la Industria Automotriz de Vehículos Ligeros. Venta de vehículos híbridos y eléctricos","Nacional",2017,"02","02",1,0,9
"Registro Administrativo de la Industria Automotriz de Vehículos Ligeros. Venta de vehículos híbridos y eléctricos","Nacional",2017,"02","03",0,0,1
"Registro Administrativo de la Industria Automotriz de Vehículos Ligeros. Venta de vehículos híbridos y eléctricos","Nacional",2017,"02","04",0,0,2
"Registro Administrativo de la Industria Automotriz de Vehículos Ligeros. Venta de vehículos híbridos y eléctricos","Nacional",2017,"02","05",1,0,10
"Registro Administrativo de la Industria Automotriz de Vehículos Ligeros. Venta de vehículos híbridos y eléctricos","Nacional",2017,"02","06",0,0,5
"Registro Administrativo de la Industria Automotriz de Vehículos Ligeros. Venta de vehículos híbridos y eléctricos","Nacional",2017,"02","07",0,0,5
"Registro Administrativo de la Industria Automotriz de Vehículos Ligeros. Venta de vehículos híbridos y eléctricos","Nacional",2017,"02","08",0,0,9
"Registro Administrativo de la Industria Automotriz de Vehículos Ligeros. Venta de vehículos híbridos y eléctricos","Nacional",2017,"02","09",13,56,234
"Registro Administrativo de la Industria Automotriz de Vehículos Ligeros. Venta de vehículos híbridos y eléctricos","Nacional",2017,"02","10",0,0,3
"Registro Administrativo de la Industria Automotriz de Vehículos Ligeros. Venta de vehículos híbridos y eléctricos","Nacional",2017,"02","11",0,2,13
"Registro Administrativo de la Industria Automotriz de Vehículos Ligeros. Venta de vehículos híbridos y eléctricos","Nacional",2017,"02","12",0,0,0
"Registro Administrativo de la Industria Automotriz de Vehículos Ligeros. Venta de vehículos híbridos y eléctricos","Nacional",2017,"02","13",0,0,1
"Registro Administrativo de la Industria Automotriz de Vehículos Ligeros. Venta de vehículos híbridos y eléctricos","Nacional",2017,"02","14",3,4,29
"Registro Administrativo de la Industria Automotriz de Vehículos Ligeros. Venta de vehículos híbridos y eléctricos","Nacional",2017,"02","15",2,0,124
"Registro Administrativo de la Industria Automotriz de Vehículos Ligeros. Venta de vehículos híbridos y eléctricos","Nacional",2017,"02","16",0,2,17
"Registro Administrativo de la Industria Automotriz de Vehículos Ligeros. Venta de vehículos híbridos y eléctricos","Nacional",2017,"02","17",1,4,10
"Registro Administrativo de la Industria Automotriz de Vehículos Ligeros. Venta de vehículos híbridos y eléctricos","Nacional",2017,"02","18",0,0,0
"Registro Administrativo de la Industria Automotriz de Vehículos Ligeros. Venta de vehículos híbridos y eléctricos","Nacional",2017,"02","19",2,10,32
"Registro Administrativo de la Industria Automotriz de Vehículos Ligeros. Venta de vehículos híbridos y eléctricos","Nacional",2017,"02","20",0,0,16
"Registro Administrativo de la Industria Automotriz de Vehículos Ligeros. Venta de vehículos híbridos y eléctricos","Nacional",2017,"02","21",1,4,18
"Registro Administrativo de la Industria Automotriz de Vehículos Ligeros. Venta de vehículos híbridos y eléctricos","Nacional",2017,"02","22",1,3,12
"Registro Administrativo de la Industria Automotriz de Vehículos Ligeros. Venta de vehículos híbridos y eléctricos","Nacional",2017,"02","23",0,3,6
"Registro Administrativo de la Industria Automotriz de Vehículos Ligeros. Venta de vehículos híbridos y eléctricos","Nacional",2017,"02","24",0,0,12
"Registro Administrativo de la Industria Automotriz de Vehículos Ligeros. Venta de vehículos híbridos y eléctricos","Nacional",2017,"02","25",1,0,18
"Registro Administrativo de la Industria Automotriz de Vehículos Ligeros. Venta de vehículos híbridos y eléctricos","Nacional",2017,"02","26",0,1,7
"Registro Administrativo de la Industria Automotriz de Vehículos Ligeros. Venta de vehículos híbridos y eléctricos","Nacional",2017,"02","27",0,0,1
"Registro Administrativo de la Industria Automotriz de Vehículos Ligeros. Venta de vehículos híbridos y eléctricos","Nacional",2017,"02","28",0,0,3
"Registro Administrativo de la Industria Automotriz de Vehículos Ligeros. Venta de vehículos híbridos y eléctricos","Nacional",2017,"02","29",0,0,3
"Registro Administrativo de la Industria Automotriz de Vehículos Ligeros. Venta de vehículos híbridos y eléctricos","Nacional",2017,"02","30",0,1,15
"Registro Administrativo de la Industria Automotriz de Vehículos Ligeros. Venta de vehículos híbridos y eléctricos","Nacional",2017,"02","31",0,0,7
"Registro Administrativo de la Industria Automotriz de Vehículos Ligeros. Venta de vehículos híbridos y eléctricos","Nacional",2017,"02","32",0,0,6
"Registro Administrativo de la Industria Automotriz de Vehículos Ligeros. Venta de vehículos híbridos y eléctricos","Nacional",2017,"03","01",0,0,5
"Registro Administrativo de la Industria Automotriz de Vehículos Ligeros. Venta de vehículos híbridos y eléctricos","Nacional",2017,"03","02",0,0,6
"Registro Administrativo de la Industria Automotriz de Vehículos Ligeros. Venta de vehículos híbridos y eléctricos","Nacional",2017,"03","03",0,0,3
"Registro Administrativo de la Industria Automotriz de Vehículos Ligeros. Venta de vehículos híbridos y eléctricos","Nacional",2017,"03","04",0,0,4
"Registro Administrativo de la Industria Automotriz de Vehículos Ligeros. Venta de vehículos híbridos y eléctricos","Nacional",2017,"03","05",0,0,10
"Registro Administrativo de la Industria Automotriz de Vehículos Ligeros. Venta de vehículos híbridos y eléctricos","Nacional",2017,"03","06",0,0,14
"Registro Administrativo de la Industria Automotriz de Vehículos Ligeros. Venta de vehículos híbridos y eléctricos","Nacional",2017,"03","07",0,0,8
"Registro Administrativo de la Industria Automotriz de Vehículos Ligeros. Venta de vehículos híbridos y eléctricos","Nacional",2017,"03","08",0,0,11
"Registro Administrativo de la Industria Automotriz de Vehículos Ligeros. Venta de vehículos híbridos y eléctricos","Nacional",2017,"03","09",10,67,419
"Registro Administrativo de la Industria Automotriz de Vehículos Ligeros. Venta de vehículos híbridos y eléctricos","Nacional",2017,"03","10",0,0,2
"Registro Administrativo de la Industria Automotriz de Vehículos Ligeros. Venta de vehículos híbridos y eléctricos","Nacional",2017,"03","11",3,4,19
"Registro Administrativo de la Industria Automotriz de Vehículos Ligeros. Venta de vehículos híbridos y eléctricos","Nacional",2017,"03","12",0,0,5
"Registro Administrativo de la Industria Automotriz de Vehículos Ligeros. Venta de vehículos híbridos y eléctricos","Nacional",2017,"03","13",0,0,12
"Registro Administrativo de la Industria Automotriz de Vehículos Ligeros. Venta de vehículos híbridos y eléctricos","Nacional",2017,"03","14",1,7,61
"Registro Administrativo de la Industria Automotriz de Vehículos Ligeros. Venta de vehículos híbridos y eléctricos","Nacional",2017,"03","15",1,2,175
"Registro Administrativo de la Industria Automotriz de Vehículos Ligeros. Venta de vehículos híbridos y eléctricos","Nacional",2017,"03","16",0,1,32
"Registro Administrativo de la Industria Automotriz de Vehículos Ligeros. Venta de vehículos híbridos y eléctricos","Nacional",2017,"03","17",0,3,16
"Registro Administrativo de la Industria Automotriz de Vehículos Ligeros. Venta de vehículos híbridos y eléctricos","Nacional",2017,"03","18",0,0,0
"Registro Administrativo de la Industria Automotriz de Vehículos Ligeros. Venta de vehículos híbridos y eléctricos","Nacional",2017,"03","19",1,6,43
"Registro Administrativo de la Industria Automotriz de Vehículos Ligeros. Venta de vehículos híbridos y eléctricos","Nacional",2017,"03","20",0,0,31
"Registro Administrativo de la Industria Automotriz de Vehículos Ligeros. Venta de vehículos híbridos y eléctricos","Nacional",2017,"03","21",0,6,30
"Registro Administrativo de la Industria Automotriz de Vehículos Ligeros. Venta de vehículos híbridos y eléctricos","Nacional",2017,"03","22",1,0,24
"Registro Administrativo de la Industria Automotriz de Vehículos Ligeros. Venta de vehículos híbridos y eléctricos","Nacional",2017,"03","23",0,0,7
"Registro Administrativo de la Industria Automotriz de Vehículos Ligeros. Venta de vehículos híbridos y eléctricos","Nacional",2017,"03","24",1,0,15
"Registro Administrativo de la Industria Automotriz de Vehículos Ligeros. Venta de vehículos híbridos y eléctricos","Nacional",2017,"03","25",0,0,18
"Registro Administrativo de la Industria Automotriz de Vehículos Ligeros. Venta de vehículos híbridos y eléctricos","Nacional",2017,"03","26",0,0,11
"Registro Administrativo de la Industria Automotriz de Vehículos Ligeros. Venta de vehículos híbridos y eléctricos","Nacional",2017,"03","27",0,0,1
"Registro Administrativo de la Industria Automotriz de Vehículos Ligeros. Venta de vehículos híbridos y eléctricos","Nacional",2017,"03","28",0,0,9
"Registro Administrativo de la Industria Automotriz de Vehículos Ligeros. Venta de vehículos híbridos y eléctricos","Nacional",2017,"03","29",0,0,4
"Registro Administrativo de la Industria Automotriz de Vehículos Ligeros. Venta de vehículos híbridos y eléctricos","Nacional",2017,"03","30",0,0,19
"Registro Administrativo de la Industria Automotriz de Vehículos Ligeros. Venta de vehículos híbridos y eléctricos","Nacional",2017,"03","31",0,0,10
"Registro Administrativo de la Industria Automotriz de Vehículos Ligeros. Venta de vehículos híbridos y eléctricos","Nacional",2017,"03","32",0,0,2
"Registro Administrativo de la Industria Automotriz de Vehículos Ligeros. Venta de vehículos híbridos y eléctricos","Nacional",2017,"04","01",0,0,4
"Registro Administrativo de la Industria Automotriz de Vehículos Ligeros. Venta de vehículos híbridos y eléctricos","Nacional",2017,"04","02",0,0,9
"Registro Administrativo de la Industria Automotriz de Vehículos Ligeros. Venta de vehículos híbridos y eléctricos","Nacional",2017,"04","03",0,0,4
"Registro Administrativo de la Industria Automotriz de Vehículos Ligeros. Venta de vehículos híbridos y eléctricos","Nacional",2017,"04","04",0,0,2
"Registro Administrativo de la Industria Automotriz de Vehículos Ligeros. Venta de vehículos híbridos y eléctricos","Nacional",2017,"04","05",0,0,4
"Registro Administrativo de la Industria Automotriz de Vehículos Ligeros. Venta de vehículos híbridos y eléctricos","Nacional",2017,"04","06",0,0,3
"Registro Administrativo de la Industria Automotriz de Vehículos Ligeros. Venta de vehículos híbridos y eléctricos","Nacional",2017,"04","07",0,0,4
"Registro Administrativo de la Industria Automotriz de Vehículos Ligeros. Venta de vehículos híbridos y eléctricos","Nacional",2017,"04","08",0,0,13
"Registro Administrativo de la Industria Automotriz de Vehículos Ligeros. Venta de vehículos híbridos y eléctricos","Nacional",2017,"04","09",12,45,365
"Registro Administrativo de la Industria Automotriz de Vehículos Ligeros. Venta de vehículos híbridos y eléctricos","Nacional",2017,"04","10",0,0,2
"Registro Administrativo de la Industria Automotriz de Vehículos Ligeros. Venta de vehículos híbridos y eléctricos","Nacional",2017,"04","11",0,2,18
"Registro Administrativo de la Industria Automotriz de Vehículos Ligeros. Venta de vehículos híbridos y eléctricos","Nacional",2017,"04","12",0,0,2
"Registro Administrativo de la Industria Automotriz de Vehículos Ligeros. Venta de vehículos híbridos y eléctricos","Nacional",2017,"04","13",0,0,7
"Registro Administrativo de la Industria Automotriz de Vehículos Ligeros. Venta de vehículos híbridos y eléctricos","Nacional",2017,"04","14",1,1,57
"Registro Administrativo de la Industria Automotriz de Vehículos Ligeros. Venta de vehículos híbridos y eléctricos","Nacional",2017,"04","15",2,2,123
"Registro Administrativo de la Industria Automotriz de Vehículos Ligeros. Venta de vehículos híbridos y eléctricos","Nacional",2017,"04","16",0,0,30
"Registro Administrativo de la Industria Automotriz de Vehículos Ligeros. Venta de vehículos híbridos y eléctricos","Nacional",2017,"04","17",0,4,13
"Registro Administrativo de la Industria Automotriz de Vehículos Ligeros. Venta de vehículos híbridos y eléctricos","Nacional",2017,"04","18",0,0,0
"Registro Administrativo de la Industria Automotriz de Vehículos Ligeros. Venta de vehículos híbridos y eléctricos","Nacional",2017,"04","19",2,3,31
"Registro Administrativo de la Industria Automotriz de Vehículos Ligeros. Venta de vehículos híbridos y eléctricos","Nacional",2017,"04","20",0,0,24
"Registro Administrativo de la Industria Automotriz de Vehículos Ligeros. Venta de vehículos híbridos y eléctricos","Nacional",2017,"04","21",2,0,24
"Registro Administrativo de la Industria Automotriz de Vehículos Ligeros. Venta de vehículos híbridos y eléctricos","Nacional",2017,"04","22",1,2,22
"Registro Administrativo de la Industria Automotriz de Vehículos Ligeros. Venta de vehículos híbridos y eléctricos","Nacional",2017,"04","23",0,3,4
"Registro Administrativo de la Industria Automotriz de Vehículos Ligeros. Venta de vehículos híbridos y eléctricos","Nacional",2017,"04","24",0,1,10
"Registro Administrativo de la Industria Automotriz de Vehículos Ligeros. Venta de vehículos híbridos y eléctricos","Nacional",2017,"04","25",1,0,13
"Registro Administrativo de la Industria Automotriz de Vehículos Ligeros. Venta de vehículos híbridos y eléctricos","Nacional",2017,"04","26",0,0,7
"Registro Administrativo de la Industria Automotriz de Vehículos Ligeros. Venta de vehículos híbridos y eléctricos","Nacional",2017,"04","27",0,0,3
"Registro Administrativo de la Industria Automotriz de Vehículos Ligeros. Venta de vehículos híbridos y eléctricos","Nacional",2017,"04","28",1,0,4
"Registro Administrativo de la Industria Automotriz de Vehículos Ligeros. Venta de vehículos híbridos y eléctricos","Nacional",2017,"04","29",0,0,1
"Registro Administrativo de la Industria Automotriz de Vehículos Ligeros. Venta de vehículos híbridos y eléctricos","Nacional",2017,"04","30",0,0,18
"Registro Administrativo de la Industria Automotriz de Vehículos Ligeros. Venta de vehículos híbridos y eléctricos","Nacional",2017,"04","31",0,0,8
"Registro Administrativo de la Industria Automotriz de Vehículos Ligeros. Venta de vehículos híbridos y eléctricos","Nacional",2017,"04","32",0,0,2
"Registro Administrativo de la Industria Automotriz de Vehículos Ligeros. Venta de vehículos híbridos y eléctricos","Nacional",2017,"05","01",0,0,7
"Registro Administrativo de la Industria Automotriz de Vehículos Ligeros. Venta de vehículos híbridos y eléctricos","Nacional",2017,"05","02",3,0,3
"Registro Administrativo de la Industria Automotriz de Vehículos Ligeros. Venta de vehículos híbridos y eléctricos","Nacional",2017,"05","03",0,0,1
"Registro Administrativo de la Industria Automotriz de Vehículos Ligeros. Venta de vehículos híbridos y eléctricos","Nacional",2017,"05","04",0,0,0
"Registro Administrativo de la Industria Automotriz de Vehículos Ligeros. Venta de vehículos híbridos y eléctricos","Nacional",2017,"05","05",0,0,10
"Registro Administrativo de la Industria Automotriz de Vehículos Ligeros. Venta de vehículos híbridos y eléctricos","Nacional",2017,"05","06",0,0,5
"Registro Administrativo de la Industria Automotriz de Vehículos Ligeros. Venta de vehículos híbridos y eléctricos","Nacional",2017,"05","07",0,0,0
"Registro Administrativo de la Industria Automotriz de Vehículos Ligeros. Venta de vehículos híbridos y eléctricos","Nacional",2017,"05","08",0,0,5
"Registro Administrativo de la Industria Automotriz de Vehículos Ligeros. Venta de vehículos híbridos y eléctricos","Nacional",2017,"05","09",12,40,307
"Registro Administrativo de la Industria Automotriz de Vehículos Ligeros. Venta de vehículos híbridos y eléctricos","Nacional",2017,"05","10",0,0,2
"Registro Administrativo de la Industria Automotriz de Vehículos Ligeros. Venta de vehículos híbridos y eléctricos","Nacional",2017,"05","11",1,0,11
"Registro Administrativo de la Industria Automotriz de Vehículos Ligeros. Venta de vehículos híbridos y eléctricos","Nacional",2017,"05","12",0,0,5
"Registro Administrativo de la Industria Automotriz de Vehículos Ligeros. Venta de vehículos híbridos y eléctricos","Nacional",2017,"05","13",0,0,7
"Registro Administrativo de la Industria Automotriz de Vehículos Ligeros. Venta de vehículos híbridos y eléctricos","Nacional",2017,"05","14",0,4,107
"Registro Administrativo de la Industria Automotriz de Vehículos Ligeros. Venta de vehículos híbridos y eléctricos","Nacional",2017,"05","15",1,10,107
"Registro Administrativo de la Industria Automotriz de Vehículos Ligeros. Venta de vehículos híbridos y eléctricos","Nacional",2017,"05","16",0,0,29
"Registro Administrativo de la Industria Automotriz de Vehículos Ligeros. Venta de vehículos híbridos y eléctricos","Nacional",2017,"05","17",0,3,6
"Registro Administrativo de la Industria Automotriz de Vehículos Ligeros. Venta de vehículos híbridos y eléctricos","Nacional",2017,"05","18",0,0,0
"Registro Administrativo de la Industria Automotriz de Vehículos Ligeros. Venta de vehículos híbridos y eléctricos","Nacional",2017,"05","19",2,9,33
"Registro Administrativo de la Industria Automotriz de Vehículos Ligeros. Venta de vehículos híbridos y eléctricos","Nacional",2017,"05","20",0,0,16
"Registro Administrativo de la Industria Automotriz de Vehículos Ligeros. Venta de vehículos híbridos y eléctricos","Nacional",2017,"05","21",0,1,13
"Registro Administrativo de la Industria Automotriz de Vehículos Ligeros. Venta de vehículos híbridos y eléctricos","Nacional",2017,"05","22",0,3,16
"Registro Administrativo de la Industria Automotriz de Vehículos Ligeros. Venta de vehículos híbridos y eléctricos","Nacional",2017,"05","23",0,1,2
"Registro Administrativo de la Industria Automotriz de Vehículos Ligeros. Venta de vehículos híbridos y eléctricos","Nacional",2017,"05","24",0,0,1
"Registro Administrativo de la Industria Automotriz de Vehículos Ligeros. Venta de vehículos híbridos y eléctricos","Nacional",2017,"05","25",0,0,9
"Registro Administrativo de la Industria Automotriz de Vehículos Ligeros. Venta de vehículos híbridos y eléctricos","Nacional",2017,"05","26",0,0,5
"Registro Administrativo de la Industria Automotriz de Vehículos Ligeros. Venta de vehículos híbridos y eléctricos","Nacional",2017,"05","27",0,0,5
"Registro Administrativo de la Industria Automotriz de Vehículos Ligeros. Venta de vehículos híbridos y eléctricos","Nacional",2017,"05","28",0,0,6
"Registro Administrativo de la Industria Automotriz de Vehículos Ligeros. Venta de vehículos híbridos y eléctricos","Nacional",2017,"05","29",0,0,4
"Registro Administrativo de la Industria Automotriz de Vehículos Ligeros. Venta de vehículos híbridos y eléctricos","Nacional",2017,"05","30",0,0,23
"Registro Administrativo de la Industria Automotriz de Vehículos Ligeros. Venta de vehículos híbridos y eléctricos","Nacional",2017,"05","31",0,0,10
"Registro Administrativo de la Industria Automotriz de Vehículos Ligeros. Venta de vehículos híbridos y eléctricos","Nacional",2017,"05","32",0,0,0
"Registro Administrativo de la Industria Automotriz de Vehículos Ligeros. Venta de vehículos híbridos y eléctricos","Nacional",2017,"06","01",0,0,5
"Registro Administrativo de la Industria Automotriz de Vehículos Ligeros. Venta de vehículos híbridos y eléctricos","Nacional",2017,"06","02",0,0,4
"Registro Administrativo de la Industria Automotriz de Vehículos Ligeros. Venta de vehículos híbridos y eléctricos","Nacional",2017,"06","03",0,0,3
"Registro Administrativo de la Industria Automotriz de Vehículos Ligeros. Venta de vehículos híbridos y eléctricos","Nacional",2017,"06","04",0,0,0
"Registro Administrativo de la Industria Automotriz de Vehículos Ligeros. Venta de vehículos híbridos y eléctricos","Nacional",2017,"06","05",0,1,13
"Registro Administrativo de la Industria Automotriz de Vehículos Ligeros. Venta de vehículos híbridos y eléctricos","Nacional",2017,"06","06",0,0,5
"Registro Administrativo de la Industria Automotriz de Vehículos Ligeros. Venta de vehículos híbridos y eléctricos","Nacional",2017,"06","07",0,0,1
"Registro Administrativo de la Industria Automotriz de Vehículos Ligeros. Venta de vehículos híbridos y eléctricos","Nacional",2017,"06","08",0,0,9
"Registro Administrativo de la Industria Automotriz de Vehículos Ligeros. Venta de vehículos híbridos y eléctricos","Nacional",2017,"06","09",10,47,316
"Registro Administrativo de la Industria Automotriz de Vehículos Ligeros. Venta de vehículos híbridos y eléctricos","Nacional",2017,"06","10",0,0,3
"Registro Administrativo de la Industria Automotriz de Vehículos Ligeros. Venta de vehículos híbridos y eléctricos","Nacional",2017,"06","11",0,0,14
"Registro Administrativo de la Industria Automotriz de Vehículos Ligeros. Venta de vehículos híbridos y eléctricos","Nacional",2017,"06","12",0,0,4
"Registro Administrativo de la Industria Automotriz de Vehículos Ligeros. Venta de vehículos híbridos y eléctricos","Nacional",2017,"06","13",0,0,8
"Registro Administrativo de la Industria Automotriz de Vehículos Ligeros. Venta de vehículos híbridos y eléctricos","Nacional",2017,"06","14",0,6,41
"Registro Administrativo de la Industria Automotriz de Vehículos Ligeros. Venta de vehículos híbridos y eléctricos","Nacional",2017,"06","15",0,2,124
"Registro Administrativo de la Industria Automotriz de Vehículos Ligeros. Venta de vehículos híbridos y eléctricos","Nacional",2017,"06","16",0,0,8
"Registro Administrativo de la Industria Automotriz de Vehículos Ligeros. Venta de vehículos híbridos y eléctricos","Nacional",2017,"06","17",0,3,10
"Registro Administrativo de la Industria Automotriz de Vehículos Ligeros. Venta de vehículos híbridos y eléctricos","Nacional",2017,"06","18",0,0,1
"Registro Administrativo de la Industria Automotriz de Vehículos Ligeros. Venta de vehículos híbridos y eléctricos","Nacional",2017,"06","19",1,6,39
"Registro Administrativo de la Industria Automotriz de Vehículos Ligeros. Venta de vehículos híbridos y eléctricos","Nacional",2017,"06","20",0,0,8
"Registro Administrativo de la Industria Automotriz de Vehículos Ligeros. Venta de vehículos híbridos y eléctricos","Nacional",2017,"06","21",0,2,18
"Registro Administrativo de la Industria Automotriz de Vehículos Ligeros. Venta de vehículos híbridos y eléctricos","Nacional",2017,"06","22",0,4,9
"Registro Administrativo de la Industria Automotriz de Vehículos Ligeros. Venta de vehículos híbridos y eléctricos","Nacional",2017,"06","23",0,1,8
"Registro Administrativo de la Industria Automotriz de Vehículos Ligeros. Venta de vehículos híbridos y eléctricos","Nacional",2017,"06","24",0,3,5
"Registro Administrativo de la Industria Automotriz de Vehículos Ligeros. Venta de vehículos híbridos y eléctricos","Nacional",2017,"06","25",0,0,11
"Registro Administrativo de la Industria Automotriz de Vehículos Ligeros. Venta de vehículos híbridos y eléctricos","Nacional",2017,"06","26",0,1,7
"Registro Administrativo de la Industria Automotriz de Vehículos Ligeros. Venta de vehículos híbridos y eléctricos","Nacional",2017,"06","27",0,0,1
"Registro Administrativo de la Industria Automotriz de Vehículos Ligeros. Venta de vehículos híbridos y eléctricos","Nacional",2017,"06","28",0,0,6
"Registro Administrativo de la Industria Automotriz de Vehículos Ligeros. Venta de vehículos híbridos y eléctricos","Nacional",2017,"06","29",0,0,4
"Registro Administrativo de la Industria Automotriz de Vehículos Ligeros. Venta de vehículos híbridos y eléctricos","Nacional",2017,"06","30",0,1,11
"Registro Administrativo de la Industria Automotriz de Vehículos Ligeros. Venta de vehículos híbridos y eléctricos","Nacional",2017,"06","31",0,0,6
"Registro Administrativo de la Industria Automotriz de Vehículos Ligeros. Venta de vehículos híbridos y eléctricos","Nacional",2017,"06","32",0,0,1
"Registro Administrativo de la Industria Automotriz de Vehículos Ligeros. Venta de vehículos híbridos y eléctricos","Nacional",2017,"07","01",0,0,0
"Registro Administrativo de la Industria Automotriz de Vehículos Ligeros. Venta de vehículos híbridos y eléctricos","Nacional",2017,"07","02",0,0,6
"Registro Administrativo de la Industria Automotriz de Vehículos Ligeros. Venta de vehículos híbridos y eléctricos","Nacional",2017,"07","03",0,0,2
"Registro Administrativo de la Industria Automotriz de Vehículos Ligeros. Venta de vehículos híbridos y eléctricos","Nacional",2017,"07","04",0,0,1
"Registro Administrativo de la Industria Automotriz de Vehículos Ligeros. Venta de vehículos híbridos y eléctricos","Nacional",2017,"07","05",0,0,8
"Registro Administrativo de la Industria Automotriz de Vehículos Ligeros. Venta de vehículos híbridos y eléctricos","Nacional",2017,"07","06",0,0,1
"Registro Administrativo de la Industria Automotriz de Vehículos Ligeros. Venta de vehículos híbridos y eléctricos","Nacional",2017,"07","07",0,0,5
"Registro Administrativo de la Industria Automotriz de Vehículos Ligeros. Venta de vehículos híbridos y eléctricos","Nacional",2017,"07","08",0,0,6
"Registro Administrativo de la Industria Automotriz de Vehículos Ligeros. Venta de vehículos híbridos y eléctricos","Nacional",2017,"07","09",9,30,229
"Registro Administrativo de la Industria Automotriz de Vehículos Ligeros. Venta de vehículos híbridos y eléctricos","Nacional",2017,"07","10",0,0,2
"Registro Administrativo de la Industria Automotriz de Vehículos Ligeros. Venta de vehículos híbridos y eléctricos","Nacional",2017,"07","11",1,0,16
"Registro Administrativo de la Industria Automotriz de Vehículos Ligeros. Venta de vehículos híbridos y eléctricos","Nacional",2017,"07","12",0,0,2
"Registro Administrativo de la Industria Automotriz de Vehículos Ligeros. Venta de vehículos híbridos y eléctricos","Nacional",2017,"07","13",0,0,3
"Registro Administrativo de la Industria Automotriz de Vehículos Ligeros. Venta de vehículos híbridos y eléctricos","Nacional",2017,"07","14",1,3,45
"Registro Administrativo de la Industria Automotriz de Vehículos Ligeros. Venta de vehículos híbridos y eléctricos","Nacional",2017,"07","15",1,4,61
"Registro Administrativo de la Industria Automotriz de Vehículos Ligeros. Venta de vehículos híbridos y eléctricos","Nacional",2017,"07","16",0,2,36
"Registro Administrativo de la Industria Automotriz de Vehículos Ligeros. Venta de vehículos híbridos y eléctricos","Nacional",2017,"07","17",0,4,15
"Registro Administrativo de la Industria Automotriz de Vehículos Ligeros. Venta de vehículos híbridos y eléctricos","Nacional",2017,"07","18",0,0,0
"Registro Administrativo de la Industria Automotriz de Vehículos Ligeros. Venta de vehículos híbridos y eléctricos","Nacional",2017,"07","19",0,7,47
"Registro Administrativo de la Industria Automotriz de Vehículos Ligeros. Venta de vehículos híbridos y eléctricos","Nacional",2017,"07","20",0,0,22
"Registro Administrativo de la Industria Automotriz de Vehículos Ligeros. Venta de vehículos híbridos y eléctricos","Nacional",2017,"07","21",0,3,17
"Registro Administrativo de la Industria Automotriz de Vehículos Ligeros. Venta de vehículos híbridos y eléctricos","Nacional",2017,"07","22",0,1,15
"Registro Administrativo de la Industria Automotriz de Vehículos Ligeros. Venta de vehículos híbridos y eléctricos","Nacional",2017,"07","23",0,0,4
"Registro Administrativo de la Industria Automotriz de Vehículos Ligeros. Venta de vehículos híbridos y eléctricos","Nacional",2017,"07","24",0,0,8
"Registro Administrativo de la Industria Automotriz de Vehículos Ligeros. Venta de vehículos híbridos y eléctricos","Nacional",2017,"07","25",0,0,15
"Registro Administrativo de la Industria Automotriz de Vehículos Ligeros. Venta de vehículos híbridos y eléctricos","Nacional",2017,"07","26",0,0,7
"Registro Administrativo de la Industria Automotriz de Vehículos Ligeros. Venta de vehículos híbridos y eléctricos","Nacional",2017,"07","27",0,0,6
"Registro Administrativo de la Industria Automotriz de Vehículos Ligeros. Venta de vehículos híbridos y eléctricos","Nacional",2017,"07","28",0,0,7
"Registro Administrativo de la Industria Automotriz de Vehículos Ligeros. Venta de vehículos híbridos y eléctricos","Nacional",2017,"07","29",0,0,1
"Registro Administrativo de la Industria Automotriz de Vehículos Ligeros. Venta de vehículos híbridos y eléctricos","Nacional",2017,"07","30",0,0,13
"Registro Administrativo de la Industria Automotriz de Vehículos Ligeros. Venta de vehículos híbridos y eléctricos","Nacional",2017,"07","31",0,0,4
"Registro Administrativo de la Industria Automotriz de Vehículos Ligeros. Venta de vehículos híbridos y eléctricos","Nacional",2017,"07","32",0,0,3
"Registro Administrativo de la Industria Automotriz de Vehículos Ligeros. Venta de vehículos híbridos y eléctricos","Nacional",2017,"08","01",0,0,9
"Registro Administrativo de la Industria Automotriz de Vehículos Ligeros. Venta de vehículos híbridos y eléctricos","Nacional",2017,"08","02",1,0,8
"Registro Administrativo de la Industria Automotriz de Vehículos Ligeros. Venta de vehículos híbridos y eléctricos","Nacional",2017,"08","03",0,0,1
"Registro Administrativo de la Industria Automotriz de Vehículos Ligeros. Venta de vehículos híbridos y eléctricos","Nacional",2017,"08","04",0,0,1
"Registro Administrativo de la Industria Automotriz de Vehículos Ligeros. Venta de vehículos híbridos y eléctricos","Nacional",2017,"08","05",0,0,16
"Registro Administrativo de la Industria Automotriz de Vehículos Ligeros. Venta de vehículos híbridos y eléctricos","Nacional",2017,"08","06",0,0,3
"Registro Administrativo de la Industria Automotriz de Vehículos Ligeros. Venta de vehículos híbridos y eléctricos","Nacional",2017,"08","07",0,0,3
"Registro Administrativo de la Industria Automotriz de Vehículos Ligeros. Venta de vehículos híbridos y eléctricos","Nacional",2017,"08","08",0,0,6
"Registro Administrativo de la Industria Automotriz de Vehículos Ligeros. Venta de vehículos híbridos y eléctricos","Nacional",2017,"08","09",10,38,263
"Registro Administrativo de la Industria Automotriz de Vehículos Ligeros. Venta de vehículos híbridos y eléctricos","Nacional",2017,"08","10",0,0,2
"Registro Administrativo de la Industria Automotriz de Vehículos Ligeros. Venta de vehículos híbridos y eléctricos","Nacional",2017,"08","11",1,1,17
"Registro Administrativo de la Industria Automotriz de Vehículos Ligeros. Venta de vehículos híbridos y eléctricos","Nacional",2017,"08","12",0,0,1
"Registro Administrativo de la Industria Automotriz de Vehículos Ligeros. Venta de vehículos híbridos y eléctricos","Nacional",2017,"08","13",1,0,6
"Registro Administrativo de la Industria Automotriz de Vehículos Ligeros. Venta de vehículos híbridos y eléctricos","Nacional",2017,"08","14",3,5,37
"Registro Administrativo de la Industria Automotriz de Vehículos Ligeros. Venta de vehículos híbridos y eléctricos","Nacional",2017,"08","15",1,4,87
"Registro Administrativo de la Industria Automotriz de Vehículos Ligeros. Venta de vehículos híbridos y eléctricos","Nacional",2017,"08","16",1,0,21
"Registro Administrativo de la Industria Automotriz de Vehículos Ligeros. Venta de vehículos híbridos y eléctricos","Nacional",2017,"08","17",1,2,23
"Registro Administrativo de la Industria Automotriz de Vehículos Ligeros. Venta de vehículos híbridos y eléctricos","Nacional",2017,"08","18",0,0,1
"Registro Administrativo de la Industria Automotriz de Vehículos Ligeros. Venta de vehículos híbridos y eléctricos","Nacional",2017,"08","19",2,9,88
"Registro Administrativo de la Industria Automotriz de Vehículos Ligeros. Venta de vehículos híbridos y eléctricos","Nacional",2017,"08","20",0,0,7
"Registro Administrativo de la Industria Automotriz de Vehículos Ligeros. Venta de vehículos híbridos y eléctricos","Nacional",2017,"08","21",1,3,8
"Registro Administrativo de la Industria Automotriz de Vehículos Ligeros. Venta de vehículos híbridos y eléctricos","Nacional",2017,"08","22",1,4,15
"Registro Administrativo de la Industria Automotriz de Vehículos Ligeros. Venta de vehículos híbridos y eléctricos","Nacional",2017,"08","23",0,2,4
"Registro Administrativo de la Industria Automotriz de Vehículos Ligeros. Venta de vehículos híbridos y eléctricos","Nacional",2017,"08","24",0,1,3
"Registro Administrativo de la Industria Automotriz de Vehículos Ligeros. Venta de vehículos híbridos y eléctricos","Nacional",2017,"08","25",0,0,7
"Registro Administrativo de la Industria Automotriz de Vehículos Ligeros. Venta de vehículos híbridos y eléctricos","Nacional",2017,"08","26",0,0,5
"Registro Administrativo de la Industria Automotriz de Vehículos Ligeros. Venta de vehículos híbridos y eléctricos","Nacional",2017,"08","27",0,0,0
"Registro Administrativo de la Industria Automotriz de Vehículos Ligeros. Venta de vehículos híbridos y eléctricos","Nacional",2017,"08","28",0,0,5
"Registro Administrativo de la Industria Automotriz de Vehículos Ligeros. Venta de vehículos híbridos y eléctricos","Nacional",2017,"08","29",0,0,3
"Registro Administrativo de la Industria Automotriz de Vehículos Ligeros. Venta de vehículos híbridos y eléctricos","Nacional",2017,"08","30",0,0,11
"Registro Administrativo de la Industria Automotriz de Vehículos Ligeros. Venta de vehículos híbridos y eléctricos","Nacional",2017,"08","31",0,0,11
"Registro Administrativo de la Industria Automotriz de Vehículos Ligeros. Venta de vehículos híbridos y eléctricos","Nacional",2017,"08","32",0,0,5
"Registro Administrativo de la Industria Automotriz de Vehículos Ligeros. Venta de vehículos híbridos y eléctricos","Nacional",2017,"09","01",0,0,0
"Registro Administrativo de la Industria Automotriz de Vehículos Ligeros. Venta de vehículos híbridos y eléctricos","Nacional",2017,"09","02",0,0,12
"Registro Administrativo de la Industria Automotriz de Vehículos Ligeros. Venta de vehículos híbridos y eléctricos","Nacional",2017,"09","03",0,0,2
"Registro Administrativo de la Industria Automotriz de Vehículos Ligeros. Venta de vehículos híbridos y eléctricos","Nacional",2017,"09","04",0,0,1
"Registro Administrativo de la Industria Automotriz de Vehículos Ligeros. Venta de vehículos híbridos y eléctricos","Nacional",2017,"09","05",0,1,35
"Registro Administrativo de la Industria Automotriz de Vehículos Ligeros. Venta de vehículos híbridos y eléctricos","Nacional",2017,"09","06",0,0,4
"Registro Administrativo de la Industria Automotriz de Vehículos Ligeros. Venta de vehículos híbridos y eléctricos","Nacional",2017,"09","07",0,0,0
"Registro Administrativo de la Industria Automotriz de Vehículos Ligeros. Venta de vehículos híbridos y eléctricos","Nacional",2017,"09","08",0,0,7
"Registro Administrativo de la Industria Automotriz de Vehículos Ligeros. Venta de vehículos híbridos y eléctricos","Nacional",2017,"09","09",14,39,319
"Registro Administrativo de la Industria Automotriz de Vehículos Ligeros. Venta de vehículos híbridos y eléctricos","Nacional",2017,"09","10",0,0,1
"Registro Administrativo de la Industria Automotriz de Vehículos Ligeros. Venta de vehículos híbridos y eléctricos","Nacional",2017,"09","11",0,2,12
"Registro Administrativo de la Industria Automotriz de Vehículos Ligeros. Venta de vehículos híbridos y eléctricos","Nacional",2017,"09","12",0,0,1
"Registro Administrativo de la Industria Automotriz de Vehículos Ligeros. Venta de vehículos híbridos y eléctricos","Nacional",2017,"09","13",0,0,6
"Registro Administrativo de la Industria Automotriz de Vehículos Ligeros. Venta de vehículos híbridos y eléctricos","Nacional",2017,"09","14",2,7,49
"Registro Administrativo de la Industria Automotriz de Vehículos Ligeros. Venta de vehículos híbridos y eléctricos","Nacional",2017,"09","15",0,9,91
"Registro Administrativo de la Industria Automotriz de Vehículos Ligeros. Venta de vehículos híbridos y eléctricos","Nacional",2017,"09","16",0,0,26
"Registro Administrativo de la Industria Automotriz de Vehículos Ligeros. Venta de vehículos híbridos y eléctricos","Nacional",2017,"09","17",0,0,9
"Registro Administrativo de la Industria Automotriz de Vehículos Ligeros. Venta de vehículos híbridos y eléctricos","Nacional",2017,"09","18",0,0,0
"Registro Administrativo de la Industria Automotriz de Vehículos Ligeros. Venta de vehículos híbridos y eléctricos","Nacional",2017,"09","19",2,4,66
"Registro Administrativo de la Industria Automotriz de Vehículos Ligeros. Venta de vehículos híbridos y eléctricos","Nacional",2017,"09","20",0,0,10
"Registro Administrativo de la Industria Automotriz de Vehículos Ligeros. Venta de vehículos híbridos y eléctricos","Nacional",2017,"09","21",0,1,11
"Registro Administrativo de la Industria Automotriz de Vehículos Ligeros. Venta de vehículos híbridos y eléctricos","Nacional",2017,"09","22",0,2,13
"Registro Administrativo de la Industria Automotriz de Vehículos Ligeros. Venta de vehículos híbridos y eléctricos","Nacional",2017,"09","23",0,1,6
"Registro Administrativo de la Industria Automotriz de Vehículos Ligeros. Venta de vehículos híbridos y eléctricos","Nacional",2017,"09","24",0,1,3
"Registro Administrativo de la Industria Automotriz de Vehículos Ligeros. Venta de vehículos híbridos y eléctricos","Nacional",2017,"09","25",2,0,6
"Registro Administrativo de la Industria Automotriz de Vehículos Ligeros. Venta de vehículos híbridos y eléctricos","Nacional",2017,"09","26",0,1,5
"Registro Administrativo de la Industria Automotriz de Vehículos Ligeros. Venta de vehículos híbridos y eléctricos","Nacional",2017,"09","27",0,0,1
"Registro Administrativo de la Industria Automotriz de Vehículos Ligeros. Venta de vehículos híbridos y eléctricos","Nacional",2017,"09","28",1,0,7
"Registro Administrativo de la Industria Automotriz de Vehículos Ligeros. Venta de vehículos híbridos y eléctricos","Nacional",2017,"09","29",0,0,3
"Registro Administrativo de la Industria Automotriz de Vehículos Ligeros. Venta de vehículos híbridos y eléctricos","Nacional",2017,"09","30",0,0,14
"Registro Administrativo de la Industria Automotriz de Vehículos Ligeros. Venta de vehículos híbridos y eléctricos","Nacional",2017,"09","31",0,0,6
"Registro Administrativo de la Industria Automotriz de Vehículos Ligeros. Venta de vehículos híbridos y eléctricos","Nacional",2017,"09","32",0,0,1
"Registro Administrativo de la Industria Automotriz de Vehículos Ligeros. Venta de vehículos híbridos y eléctricos","Nacional",2017,"10","01",0,0,1
"Registro Administrativo de la Industria Automotriz de Vehículos Ligeros. Venta de vehículos híbridos y eléctricos","Nacional",2017,"10","02",0,0,7
"Registro Administrativo de la Industria Automotriz de Vehículos Ligeros. Venta de vehículos híbridos y eléctricos","Nacional",2017,"10","03",0,0,1
"Registro Administrativo de la Industria Automotriz de Vehículos Ligeros. Venta de vehículos híbridos y eléctricos","Nacional",2017,"10","04",0,0,0
"Registro Administrativo de la Industria Automotriz de Vehículos Ligeros. Venta de vehículos híbridos y eléctricos","Nacional",2017,"10","05",0,1,5
"Registro Administrativo de la Industria Automotriz de Vehículos Ligeros. Venta de vehículos híbridos y eléctricos","Nacional",2017,"10","06",0,0,1
"Registro Administrativo de la Industria Automotriz de Vehículos Ligeros. Venta de vehículos híbridos y eléctricos","Nacional",2017,"10","07",0,0,2
"Registro Administrativo de la Industria Automotriz de Vehículos Ligeros. Venta de vehículos híbridos y eléctricos","Nacional",2017,"10","08",0,0,4
"Registro Administrativo de la Industria Automotriz de Vehículos Ligeros. Venta de vehículos híbridos y eléctricos","Nacional",2017,"10","09",15,46,469
"Registro Administrativo de la Industria Automotriz de Vehículos Ligeros. Venta de vehículos híbridos y eléctricos","Nacional",2017,"10","10",0,0,1
"Registro Administrativo de la Industria Automotriz de Vehículos Ligeros. Venta de vehículos híbridos y eléctricos","Nacional",2017,"10","11",1,0,19
"Registro Administrativo de la Industria Automotriz de Vehículos Ligeros. Venta de vehículos híbridos y eléctricos","Nacional",2017,"10","12",0,0,1
"Registro Administrativo de la Industria Automotriz de Vehículos Ligeros. Venta de vehículos híbridos y eléctricos","Nacional",2017,"10","13",0,0,3
"Registro Administrativo de la Industria Automotriz de Vehículos Ligeros. Venta de vehículos híbridos y eléctricos","Nacional",2017,"10","14",0,5,77
"Registro Administrativo de la Industria Automotriz de Vehículos Ligeros. Venta de vehículos híbridos y eléctricos","Nacional",2017,"10","15",0,3,96
"Registro Administrativo de la Industria Automotriz de Vehículos Ligeros. Venta de vehículos híbridos y eléctricos","Nacional",2017,"10","16",0,0,28
"Registro Administrativo de la Industria Automotriz de Vehículos Ligeros. Venta de vehículos híbridos y eléctricos","Nacional",2017,"10","17",0,4,13
"Registro Administrativo de la Industria Automotriz de Vehículos Ligeros. Venta de vehículos híbridos y eléctricos","Nacional",2017,"10","18",0,0,0
"Registro Administrativo de la Industria Automotriz de Vehículos Ligeros. Venta de vehículos híbridos y eléctricos","Nacional",2017,"10","19",1,6,37
"Registro Administrativo de la Industria Automotriz de Vehículos Ligeros. Venta de vehículos híbridos y eléctricos","Nacional",2017,"10","20",0,0,10
"Registro Administrativo de la Industria Automotriz de Vehículos Ligeros. Venta de vehículos híbridos y eléctricos","Nacional",2017,"10","21",0,4,19
"Registro Administrativo de la Industria Automotriz de Vehículos Ligeros. Venta de vehículos híbridos y eléctricos","Nacional",2017,"10","22",0,5,29
"Registro Administrativo de la Industria Automotriz de Vehículos Ligeros. Venta de vehículos híbridos y eléctricos","Nacional",2017,"10","23",0,1,14
"Registro Administrativo de la Industria Automotriz de Vehículos Ligeros. Venta de vehículos híbridos y eléctricos","Nacional",2017,"10","24",1,1,5
"Registro Administrativo de la Industria Automotriz de Vehículos Ligeros. Venta de vehículos híbridos y eléctricos","Nacional",2017,"10","25",0,0,13
"Registro Administrativo de la Industria Automotriz de Vehículos Ligeros. Venta de vehículos híbridos y eléctricos","Nacional",2017,"10","26",0,0,5
"Registro Administrativo de la Industria Automotriz de Vehículos Ligeros. Venta de vehículos híbridos y eléctricos","Nacional",2017,"10","27",0,0,3
"Registro Administrativo de la Industria Automotriz de Vehículos Ligeros. Venta de vehículos híbridos y eléctricos","Nacional",2017,"10","28",0,0,10
"Registro Administrativo de la Industria Automotriz de Vehículos Ligeros. Venta de vehículos híbridos y eléctricos","Nacional",2017,"10","29",0,0,3
"Registro Administrativo de la Industria Automotriz de Vehículos Ligeros. Venta de vehículos híbridos y eléctricos","Nacional",2017,"10","30",0,0,11
"Registro Administrativo de la Industria Automotriz de Vehículos Ligeros. Venta de vehículos híbridos y eléctricos","Nacional",2017,"10","31",0,0,9
"Registro Administrativo de la Industria Automotriz de Vehículos Ligeros. Venta de vehículos híbridos y eléctricos","Nacional",2017,"10","32",0,0,1
"Registro Administrativo de la Industria Automotriz de Vehículos Ligeros. Venta de vehículos híbridos y eléctricos","Nacional",2017,"11","01",0,0,7
"Registro Administrativo de la Industria Automotriz de Vehículos Ligeros. Venta de vehículos híbridos y eléctricos","Nacional",2017,"11","02",0,0,8
"Registro Administrativo de la Industria Automotriz de Vehículos Ligeros. Venta de vehículos híbridos y eléctricos","Nacional",2017,"11","03",0,0,2
"Registro Administrativo de la Industria Automotriz de Vehículos Ligeros. Venta de vehículos híbridos y eléctricos","Nacional",2017,"11","04",0,0,2
"Registro Administrativo de la Industria Automotriz de Vehículos Ligeros. Venta de vehículos híbridos y eléctricos","Nacional",2017,"11","05",0,1,10
"Registro Administrativo de la Industria Automotriz de Vehículos Ligeros. Venta de vehículos híbridos y eléctricos","Nacional",2017,"11","06",0,0,3
"Registro Administrativo de la Industria Automotriz de Vehículos Ligeros. Venta de vehículos híbridos y eléctricos","Nacional",2017,"11","07",0,0,0
"Registro Administrativo de la Industria Automotriz de Vehículos Ligeros. Venta de vehículos híbridos y eléctricos","Nacional",2017,"11","08",0,0,4
"Registro Administrativo de la Industria Automotriz de Vehículos Ligeros. Venta de vehículos híbridos y eléctricos","Nacional",2017,"11","09",24,63,317
"Registro Administrativo de la Industria Automotriz de Vehículos Ligeros. Venta de vehículos híbridos y eléctricos","Nacional",2017,"11","10",0,0,2
"Registro Administrativo de la Industria Automotriz de Vehículos Ligeros. Venta de vehículos híbridos y eléctricos","Nacional",2017,"11","11",0,4,15
"Registro Administrativo de la Industria Automotriz de Vehículos Ligeros. Venta de vehículos híbridos y eléctricos","Nacional",2017,"11","12",0,0,0
"Registro Administrativo de la Industria Automotriz de Vehículos Ligeros. Venta de vehículos híbridos y eléctricos","Nacional",2017,"11","13",0,0,16
"Registro Administrativo de la Industria Automotriz de Vehículos Ligeros. Venta de vehículos híbridos y eléctricos","Nacional",2017,"11","14",1,6,55
"Registro Administrativo de la Industria Automotriz de Vehículos Ligeros. Venta de vehículos híbridos y eléctricos","Nacional",2017,"11","15",1,5,126
"Registro Administrativo de la Industria Automotriz de Vehículos Ligeros. Venta de vehículos híbridos y eléctricos","Nacional",2017,"11","16",0,0,21
"Registro Administrativo de la Industria Automotriz de Vehículos Ligeros. Venta de vehículos híbridos y eléctricos","Nacional",2017,"11","17",0,6,12
"Registro Administrativo de la Industria Automotriz de Vehículos Ligeros. Venta de vehículos híbridos y eléctricos","Nacional",2017,"11","18",0,0,2
"Registro Administrativo de la Industria Automotriz de Vehículos Ligeros. Venta de vehículos híbridos y eléctricos","Nacional",2017,"11","19",1,8,45
"Registro Administrativo de la Industria Automotriz de Vehículos Ligeros. Venta de vehículos híbridos y eléctricos","Nacional",2017,"11","20",0,0,10
"Registro Administrativo de la Industria Automotriz de Vehículos Ligeros. Venta de vehículos híbridos y eléctricos","Nacional",2017,"11","21",0,3,27
"Registro Administrativo de la Industria Automotriz de Vehículos Ligeros. Venta de vehículos híbridos y eléctricos","Nacional",2017,"11","22",2,3,37
"Registro Administrativo de la Industria Automotriz de Vehículos Ligeros. Venta de vehículos híbridos y eléctricos","Nacional",2017,"11","23",0,2,5
"Registro Administrativo de la Industria Automotriz de Vehículos Ligeros. Venta de vehículos híbridos y eléctricos","Nacional",2017,"11","24",0,1,3
"Registro Administrativo de la Industria Automotriz de Vehículos Ligeros. Venta de vehículos híbridos y eléctricos","Nacional",2017,"11","25",1,0,9
"Registro Administrativo de la Industria Automotriz de Vehículos Ligeros. Venta de vehículos híbridos y eléctricos","Nacional",2017,"11","26",0,0,5
"Registro Administrativo de la Industria Automotriz de Vehículos Ligeros. Venta de vehículos híbridos y eléctricos","Nacional",2017,"11","27",0,0,1
"Registro Administrativo de la Industria Automotriz de Vehículos Ligeros. Venta de vehículos híbridos y eléctricos","Nacional",2017,"11","28",0,0,4
"Registro Administrativo de la Industria Automotriz de Vehículos Ligeros. Venta de vehículos híbridos y eléctricos","Nacional",2017,"11","29",0,0,5
"Registro Administrativo de la Industria Automotriz de Vehículos Ligeros. Venta de vehículos híbridos y eléctricos","Nacional",2017,"11","30",0,1,18
"Registro Administrativo de la Industria Automotriz de Vehículos Ligeros. Venta de vehículos híbridos y eléctricos","Nacional",2017,"11","31",0,1,7
"Registro Administrativo de la Industria Automotriz de Vehículos Ligeros. Venta de vehículos híbridos y eléctricos","Nacional",2017,"11","32",1,0,2
"Registro Administrativo de la Industria Automotriz de Vehículos Ligeros. Venta de vehículos híbridos y eléctricos","Nacional",2017,"12","01",0,0,4
"Registro Administrativo de la Industria Automotriz de Vehículos Ligeros. Venta de vehículos híbridos y eléctricos","Nacional",2017,"12","02",0,0,15
"Registro Administrativo de la Industria Automotriz de Vehículos Ligeros. Venta de vehículos híbridos y eléctricos","Nacional",2017,"12","03",0,0,2
"Registro Administrativo de la Industria Automotriz de Vehículos Ligeros. Venta de vehículos híbridos y eléctricos","Nacional",2017,"12","04",0,0,1
"Registro Administrativo de la Industria Automotriz de Vehículos Ligeros. Venta de vehículos híbridos y eléctricos","Nacional",2017,"12","05",0,1,39
"Registro Administrativo de la Industria Automotriz de Vehículos Ligeros. Venta de vehículos híbridos y eléctricos","Nacional",2017,"12","06",0,0,4
"Registro Administrativo de la Industria Automotriz de Vehículos Ligeros. Venta de vehículos híbridos y eléctricos","Nacional",2017,"12","07",0,0,2
"Registro Administrativo de la Industria Automotriz de Vehículos Ligeros. Venta de vehículos híbridos y eléctricos","Nacional",2017,"12","08",0,0,14
"Registro Administrativo de la Industria Automotriz de Vehículos Ligeros. Venta de vehículos híbridos y eléctricos","Nacional",2017,"12","09",3,58,495
"Registro Administrativo de la Industria Automotriz de Vehículos Ligeros. Venta de vehículos híbridos y eléctricos","Nacional",2017,"12","10",0,0,0
"Registro Administrativo de la Industria Automotriz de Vehículos Ligeros. Venta de vehículos híbridos y eléctricos","Nacional",2017,"12","11",0,6,32
"Registro Administrativo de la Industria Automotriz de Vehículos Ligeros. Venta de vehículos híbridos y eléctricos","Nacional",2017,"12","12",0,0,3
"Registro Administrativo de la Industria Automotriz de Vehículos Ligeros. Venta de vehículos híbridos y eléctricos","Nacional",2017,"12","13",0,0,16
"Registro Administrativo de la Industria Automotriz de Vehículos Ligeros. Venta de vehículos híbridos y eléctricos","Nacional",2017,"12","14",3,7,130
"Registro Administrativo de la Industria Automotriz de Vehículos Ligeros. Venta de vehículos híbridos y eléctricos","Nacional",2017,"12","15",1,6,168
"Registro Administrativo de la Industria Automotriz de Vehículos Ligeros. Venta de vehículos híbridos y eléctricos","Nacional",2017,"12","16",0,0,74
"Registro Administrativo de la Industria Automotriz de Vehículos Ligeros. Venta de vehículos híbridos y eléctricos","Nacional",2017,"12","17",0,3,19
"Registro Administrativo de la Industria Automotriz de Vehículos Ligeros. Venta de vehículos híbridos y eléctricos","Nacional",2017,"12","18",0,0,0
"Registro Administrativo de la Industria Automotriz de Vehículos Ligeros. Venta de vehículos híbridos y eléctricos","Nacional",2017,"12","19",1,10,51
"Registro Administrativo de la Industria Automotriz de Vehículos Ligeros. Venta de vehículos híbridos y eléctricos","Nacional",2017,"12","20",0,0,11
"Registro Administrativo de la Industria Automotriz de Vehículos Ligeros. Venta de vehículos híbridos y eléctricos","Nacional",2017,"12","21",1,2,26
"Registro Administrativo de la Industria Automotriz de Vehículos Ligeros. Venta de vehículos híbridos y eléctricos","Nacional",2017,"12","22",0,3,37
"Registro Administrativo de la Industria Automotriz de Vehículos Ligeros. Venta de vehículos híbridos y eléctricos","Nacional",2017,"12","23",0,2,7
"Registro Administrativo de la Industria Automotriz de Vehículos Ligeros. Venta de vehículos híbridos y eléctricos","Nacional",2017,"12","24",1,1,9
"Registro Administrativo de la Industria Automotriz de Vehículos Ligeros. Venta de vehículos híbridos y eléctricos","Nacional",2017,"12","25",0,0,17
"Registro Administrativo de la Industria Automotriz de Vehículos Ligeros. Venta de vehículos híbridos y eléctricos","Nacional",2017,"12","26",0,2,13
"Registro Administrativo de la Industria Automotriz de Vehículos Ligeros. Venta de vehículos híbridos y eléctricos","Nacional",2017,"12","27",0,0,2
"Registro Administrativo de la Industria Automotriz de Vehículos Ligeros. Venta de vehículos híbridos y eléctricos","Nacional",2017,"12","28",0,0,15
"Registro Administrativo de la Industria Automotriz de Vehículos Ligeros. Venta de vehículos híbridos y eléctricos","Nacional",2017,"12","29",0,0,6
"Registro Administrativo de la Industria Automotriz de Vehículos Ligeros. Venta de vehículos híbridos y eléctricos","Nacional",2017,"12","30",0,0,20
"Registro Administrativo de la Industria Automotriz de Vehículos Ligeros. Venta de vehículos híbridos y eléctricos","Nacional",2017,"12","31",0,2,6
"Registro Administrativo de la Industria Automotriz de Vehículos Ligeros. Venta de vehículos híbridos y eléctricos","Nacional",2017,"12","32",0,0,0
